slim_term,slim_cat,category,over_represented_pvalue,under_represented_pvalue,numDEInCat,numInCat,term,ontology,Cluster
DNA repair,GO:0006281,GO:0000012,0.0014541987903719784,0.9999344838620696,3,13,single strand break repair,BP,Cluster3
sulfur compound metabolic process,GO:0006790,GO:0000096,0.028301553356544072,0.9941498709160221,4,46,sulfur amino acid metabolic process,BP,Cluster4
sulfur compound metabolic process,GO:0006790,GO:0000097,0.044999789844623814,0.9954335790333304,2,23,sulfur amino acid biosynthetic process,BP,Cluster2
ribosome biogenesis,GO:0042254,GO:0000447,0.025942303998383758,0.998147790624317,2,13,"endonucleolytic cleavage in ITS1 to separate SSU-rRNA from 5.8S rRNA and LSU-rRNA from tricistronic rRNA transcript (SSU-rRNA, 5.8S rRNA, LSU-rRNA)",BP,Cluster1
ribosome biogenesis,GO:0042254,GO:0000469,0.025410585789758532,0.996416313408701,3,30,cleavage involved in rRNA processing,BP,Cluster1
ribosome biogenesis,GO:0042254,GO:0000478,0.010166987505582776,0.9990125973220809,3,21,endonucleolytic cleavage involved in rRNA processing,BP,Cluster1
ribosome biogenesis,GO:0042254,GO:0000479,0.006088348066873822,0.9995183351881227,3,18,"endonucleolytic cleavage of tricistronic rRNA transcript (SSU-rRNA, 5.8S rRNA, LSU-rRNA)",BP,Cluster1
ribosome biogenesis,GO:0042254,GO:0000480,0.010998129320472505,0.9995316962226114,2,9,"endonucleolytic cleavage in 5'-ETS of tricistronic rRNA transcript (SSU-rRNA, 5.8S rRNA, LSU-rRNA)",BP,Cluster1
DNA repair,GO:0006281,GO:0000715,0.03458663478622864,0.9969892277293363,2,20,"nucleotide-excision repair, DNA damage recognition",BP,Cluster2
lipid metabolic process,GO:0006629,GO:0001523,9.151666905133037e-6,0.9999989237447443,9,61,retinoid metabolic process,BP,Cluster1
anatomical structure development,GO:0048856,GO:0001654,0.009594744892361621,0.9950006901297875,23,591,eye development,BP,Cluster1
cell differentiation,GO:0030154,GO:0001742,0.02472485502046801,0.9982799332603337,2,13,oenocyte differentiation,BP,Cluster3
anatomical structure development,GO:0048856,GO:0001752,0.01032530296936865,0.9984341635046523,4,40,compound eye photoreceptor fate commitment,BP,Cluster3
anatomical structure development,GO:0048856,GO:0001889,2.4496861051020453e-8,0.9999999954144221,20,197,liver development,BP,Cluster1
anatomical structure development,GO:0048856,GO:0001890,0.02533184845105347,0.9917366004704686,7,122,placenta development,BP,Cluster1
anatomical structure development,GO:0048856,GO:0001892,0.0012156829924958505,0.9997793291021494,7,71,embryonic placenta development,BP,Cluster1
renal system process,GO:0003014,GO:0001977,0.0031130806361246506,0.9999388559222244,2,6,renal system process involved in regulation of blood volume,BP,Cluster2
renal system process,GO:0003014,GO:0002033,0.030247036286232046,1,1,1,angiotensin-mediated vasodilation involved in regulation of systemic arterial blood pressure,BP,Cluster4
anatomical structure development,GO:0048856,GO:0002072,0.03965556772715793,0.9963766797589595,2,15,optic cup morphogenesis involved in camera-type eye development,BP,Cluster1
lipid metabolic process,GO:0006629,GO:0002138,0.03355016944446072,0.9997142249510312,1,2,retinoic acid biosynthetic process,BP,Cluster1
immune system process,GO:0002376,GO:0002225,0.03759210115647212,0.9966907004358712,2,14,positive regulation of antimicrobial peptide production,BP,Cluster3
immune system process,GO:0002376,GO:0002274,0.039878591462777835,0.9803638539459325,13,376,myeloid leukocyte activation,BP,Cluster3
immune system process,GO:0002376,GO:0002275,0.04688390374435111,0.9771088718494907,12,349,myeloid cell activation involved in immune response,BP,Cluster3
immune system process,GO:0002376,GO:0002283,0.03528379816335743,0.9834998741087058,12,334,neutrophil activation involved in immune response,BP,Cluster3
anatomical structure development,GO:0048856,GO:0002314,0.03947716066466848,0.9996031830613914,1,2,germinal center B cell differentiation,BP,Cluster3
immune system process,GO:0002376,GO:0002444,0.046174673971978275,0.9775047844300939,12,353,myeloid leukocyte mediated immunity,BP,Cluster3
immune system process,GO:0002376,GO:0002446,0.03606438198492698,0.9830773522314178,12,339,neutrophil mediated immunity,BP,Cluster3
immune system process,GO:0002376,GO:0002475,0.04096066971283359,0.9995727272288147,1,2,antigen processing and presentation via MHC class Ib,BP,Cluster2
immune system process,GO:0002376,GO:0002480,0.034784309154671636,1,1,1,"antigen processing and presentation of exogenous peptide antigen via MHC class I, TAP-independent",BP,Cluster4
inflammatory response,GO:0006954,GO:0002526,1.3989677771875844e-5,0.9999985505126846,8,48,acute inflammatory response,BP,Cluster1
inflammatory response,GO:0006954,GO:0002538,0.04401156923842285,0.9959790459880546,2,10,arachidonic acid metabolite production involved in inflammatory response,BP,Cluster4
inflammatory response,GO:0006954,GO:0002540,0.036979539190155196,0.9969914812809896,2,9,leukotriene production involved in inflammatory response,BP,Cluster4
anatomical structure development,GO:0048856,GO:0002636,0.01833377803419048,1,1,1,positive regulation of germinal center formation,BP,Cluster3
immune system process,GO:0002376,GO:0002686,0.03974858133470907,0.9963642664246368,2,15,negative regulation of leukocyte migration,BP,Cluster3
immune system process,GO:0002376,GO:0002712,0.014752267822001529,0.9983549566888416,3,21,regulation of B cell mediated immunity,BP,Cluster4
immune system process,GO:0002376,GO:0002714,0.006180462324204331,0.999516239441612,3,16,positive regulation of B cell mediated immunity,BP,Cluster4
immune system process,GO:0002376,GO:0002760,0.03759210115647212,0.9966907004358712,2,14,positive regulation of antimicrobial humoral response,BP,Cluster3
immune system process,GO:0002376,GO:0002821,0.025995763511220297,0.9947254587566643,4,55,positive regulation of adaptive immune response,BP,Cluster3
immune system process,GO:0002376,GO:0002824,0.017803738982510663,0.996794360951,4,49,positive regulation of adaptive immune response based on somatic recombination of immune receptors built from immunoglobulin superfamily domains,BP,Cluster3
immune system process,GO:0002376,GO:0002887,0.04874027035288362,0.9993922032025706,1,2,negative regulation of myeloid leukocyte mediated immunity,BP,Cluster3
immune system process,GO:0002376,GO:0002889,0.014752267822001529,0.9983549566888416,3,21,regulation of immunoglobulin mediated immune response,BP,Cluster4
immune system process,GO:0002376,GO:0002891,0.006180462324204331,0.999516239441612,3,16,positive regulation of immunoglobulin mediated immune response,BP,Cluster4
immune system process,GO:0002376,GO:0002905,0.03886460514627175,0.9994884938583115,1,3,regulation of mature B cell apoptotic process,BP,Cluster3
immune system process,GO:0002376,GO:0002906,0.03886460514627175,0.9994884938583115,1,3,negative regulation of mature B cell apoptotic process,BP,Cluster3
immune system process,GO:0002376,GO:0002922,0.007556903515851191,0.9993452480607914,3,20,positive regulation of humoral immune response,BP,Cluster3
immune system process,GO:0002376,GO:0002923,0.008558335862202716,0.9997003754543107,2,7,regulation of humoral immune response mediated by circulating immunoglobulin,BP,Cluster4
immune system process,GO:0002376,GO:0002925,0.005606226106835052,0.9998506832043734,2,6,positive regulation of humoral immune response mediated by circulating immunoglobulin,BP,Cluster4
lipid metabolic process,GO:0006629,GO:0002933,8.949399184913127e-4,0.9999947750086942,2,3,lipid hydroxylation,BP,Cluster2
renal system process,GO:0003014,GO:0003071,0.016985330128432948,0.9990089438875503,2,16,renal system process involved in regulation of systemic arterial blood pressure,BP,Cluster2
renal system process,GO:0003014,GO:0003091,0.025693896992412635,0.9981448948842774,2,15,renal water homeostasis,BP,Cluster2
renal system process,GO:0003014,GO:0003095,8.949399184913127e-4,0.9999947750086942,2,3,pressure natriuresis,BP,Cluster2
anatomical structure development,GO:0048856,GO:0003381,0.022427050151172814,0.9985351716184828,2,12,epithelial cell morphogenesis involved in gastrulation,BP,Cluster1
anatomical structure development,GO:0048856,GO:0003384,0.022427050151172814,0.9985351716184828,2,12,apical constriction involved in gastrulation,BP,Cluster1
carbohydrate metabolic process,GO:0005975,GO:0005996,0.02563774492443531,0.9908345758452654,8,157,monosaccharide metabolic process,BP,Cluster1
carbohydrate metabolic process,GO:0005975,GO:0006004,0.02766641206095026,0.9978945868366291,2,17,fucose metabolic process,BP,Cluster2
carbohydrate derivative metabolic p...,GO:1901135,GO:0006154,0.0378430573914397,0.999635661797426,1,2,adenosine catabolic process,BP,Cluster3
carbohydrate derivative metabolic p...,GO:1901135,GO:0006157,0.01833377803419048,1,1,1,deoxyadenosine catabolic process,BP,Cluster3
mRNA metabolic process,GO:0016071,GO:0006379,2.813040488090388e-6,0.9999997798758062,8,32,mRNA cleavage,BP,Cluster4
carbohydrate derivative metabolic p...,GO:1901135,GO:0006486,5.184439947828544e-4,0.9998696686972581,11,153,protein glycosylation,BP,Cluster1
carbohydrate derivative metabolic p...,GO:1901135,GO:0006487,1.8669005106339038e-6,0.9999997571793864,11,85,protein N-linked glycosylation,BP,Cluster1
sulfur compound metabolic process,GO:0006790,GO:0006555,0.04886419888433961,0.9910711791334013,3,32,methionine metabolic process,BP,Cluster4
cellular modified amino acid metabo...,GO:0006575,GO:0006601,0.04070530084174396,0.9995777810579923,1,2,creatine biosynthetic process,BP,Cluster1
lipid metabolic process,GO:0006629,GO:0006631,0.02954952859456053,0.9865506767200489,12,292,fatty acid metabolic process,BP,Cluster1
lipid metabolic process,GO:0006629,GO:0006654,0.03843624361758272,0.9934540193143695,3,57,phosphatidic acid biosynthetic process,BP,Cluster2
lipid metabolic process,GO:0006629,GO:0006706,3.819885515168975e-4,0.9999549503037718,6,41,steroid catabolic process,BP,Cluster1
lipid metabolic process,GO:0006629,GO:0006711,1.0352293525384544e-6,0.9999999652388053,6,16,estrogen catabolic process,BP,Cluster1
lipid metabolic process,GO:0006629,GO:0006720,1.7608467427195577e-5,0.9999973777687118,10,85,isoprenoid metabolic process,BP,Cluster1
lipid metabolic process,GO:0006629,GO:0006721,2.394446064114212e-5,0.9999967858313199,9,68,terpenoid metabolic process,BP,Cluster1
sulfur compound metabolic process,GO:0006790,GO:0006751,0.023439956698266408,0.9998153531639075,1,3,glutathione catabolic process,BP,Cluster2
sulfur compound metabolic process,GO:0006790,GO:0006751,0.037154428281773955,0.9995327361479571,1,3,glutathione catabolic process,BP,Cluster4
vesicle-mediated transport,GO:0016192,GO:0006888,4.280226936780526e-6,0.9999991836579486,14,151,endoplasmic reticulum to Golgi vesicle-mediated transport,BP,Cluster1
inflammatory response,GO:0006954,GO:0006953,2.2891748666004554e-6,0.9999998637383791,7,28,acute-phase response,BP,Cluster1
protein catabolic process,GO:0030163,GO:0007039,0.023843132577065315,0.9983728421081418,2,13,protein catabolic process in the vacuole,BP,Cluster1
lysosome organization,GO:0007040,GO:0007042,0.013144538290379336,0.999352857319676,2,12,lysosomal lumen acidification,BP,Cluster1
cell adhesion,GO:0007155,GO:0007156,0.0314411294521139,0.9951787548305284,3,31,homophilic cell adhesion via plasma membrane adhesion molecules,BP,Cluster3
signaling,GO:0023052,GO:0007171,0.03046596501804177,0.997505505120214,2,22,activation of transmembrane receptor protein tyrosine kinase activity,BP,Cluster2
signaling,GO:0023052,GO:0007175,0.01609291968299255,0.9991449467437395,2,10,negative regulation of epidermal growth factor-activated receptor activity,BP,Cluster1
signaling,GO:0023052,GO:0007217,0.016883833268778518,0.9990179779379176,2,16,tachykinin receptor signaling pathway,BP,Cluster2
signaling,GO:0023052,GO:0007223,8.355791930123038e-6,0.9999992173084034,8,38,"Wnt signaling pathway, calcium modulating pathway",BP,Cluster4
signaling,GO:0023052,GO:0007250,0.04647121919617348,0.9952860505534155,2,18,activation of NF-kappaB-inducing kinase activity,BP,Cluster3
protein maturation,GO:0051604,GO:0007323,0.024544148616230582,1,1,1,peptide pheromone maturation,BP,Cluster1
anatomical structure development,GO:0048856,GO:0007365,0.03766462201407458,0.99142277449418,4,56,periodic partitioning,BP,Cluster3
anatomical structure development,GO:0048856,GO:0007367,0.034283817015709095,0.9924298738596252,4,54,segment polarity determination,BP,Cluster3
anatomical structure development,GO:0048856,GO:0007438,0.020422873088144756,0.9987312278595851,2,12,oenocyte development,BP,Cluster3
anatomical structure development,GO:0048856,GO:0007464,0.017664752874793865,0.9978592404974802,3,25,R3/R4 cell fate commitment,BP,Cluster3
anatomical structure development,GO:0048856,GO:0007504,0.03814433415683633,0.9996296620870414,1,2,larval fat body development,BP,Cluster4
anatomical structure development,GO:0048856,GO:0007538,0.0036424660552238468,0.9996140008150646,4,21,primary sex determination,BP,Cluster4
anatomical structure development,GO:0048856,GO:0007542,0.0016338633520479775,0.9998661875456376,4,17,"primary sex determination, germ-line",BP,Cluster4
nervous system process,GO:0050877,GO:0007611,0.021299017933707146,0.9900842606178629,14,315,learning or memory,BP,Cluster1
nervous system process,GO:0050877,GO:0007613,4.749209701428456e-4,0.999864891182846,13,181,memory,BP,Cluster1
nervous system process,GO:0050877,GO:0007616,8.989629970456477e-7,0.9999998655730167,13,100,long-term memory,BP,Cluster1
mitochondrion organization,GO:0007005,GO:0008053,0.03627818360951433,0.9967592613718125,2,20,mitochondrial fusion,BP,Cluster2
lipid metabolic process,GO:0006629,GO:0008202,0.004282567521239299,0.9985858193033013,11,191,steroid metabolic process,BP,Cluster1
lipid metabolic process,GO:0006629,GO:0008210,4.536481594906667e-5,0.9999965265137527,6,30,estrogen metabolic process,BP,Cluster1
carbohydrate derivative metabolic p...,GO:1901135,GO:0009051,0.047047462541129174,0.9994340075267472,1,2,"pentose-phosphate shunt, oxidative branch",BP,Cluster4
carbohydrate derivative metabolic p...,GO:1901135,GO:0009100,0.019372800055335232,0.99170597781241,12,270,glycoprotein metabolic process,BP,Cluster1
carbohydrate derivative metabolic p...,GO:1901135,GO:0009101,0.0060765007688848,0.9978933890779921,11,206,glycoprotein biosynthetic process,BP,Cluster1
detoxification,GO:0098754,GO:0009407,0.008400155449248591,0.9997087609036814,2,7,toxin catabolic process,BP,Cluster4
protein-containing complex assembly,GO:0065003,GO:0010387,0.026960342945169677,0.9997553344412605,1,3,COP9 signalosome assembly,BP,Cluster2
protein-containing complex assembly,GO:0065003,GO:0010387,0.03812075793854223,0.9995080540007433,1,3,COP9 signalosome assembly,BP,Cluster3
lipid metabolic process,GO:0006629,GO:0010430,0.002015177886446932,0.9999821669160892,2,3,fatty acid omega-oxidation,BP,Cluster1
lipid metabolic process,GO:0006629,GO:0010430,0.0016419205267422289,0.9999869215602364,2,3,fatty acid omega-oxidation,BP,Cluster3
chromatin organization,GO:0006325,GO:0010452,0.003804698398397217,0.9997499997979842,3,16,histone H3-K36 methylation,BP,Cluster1
chromatin organization,GO:0006325,GO:0010452,0.019773887187543856,0.9987495991801603,2,16,histone H3-K36 methylation,BP,Cluster2
autophagy,GO:0006914,GO:0010508,0.004747959530093299,0.9987482385794776,8,114,positive regulation of autophagy,BP,Cluster1
wound healing,GO:0042060,GO:0010543,0.03277159739042982,0.9973760247456798,2,12,regulation of platelet activation,BP,Cluster3
DNA repair,GO:0006281,GO:0010569,0.023346112611364385,0.9968452377843339,3,26,regulation of double-strand break repair via homologous recombination,BP,Cluster1
anatomical structure development,GO:0048856,GO:0010635,0.037144539578502285,0.9966530960488303,2,19,regulation of mitochondrial fusion,BP,Cluster2
anatomical structure development,GO:0048856,GO:0010636,0.016140144105973305,0.9991156271457231,2,12,positive regulation of mitochondrial fusion,BP,Cluster2
carbohydrate metabolic process,GO:0005975,GO:0010677,0.001415056657956941,0.9997799667108435,6,56,negative regulation of cellular carbohydrate metabolic process,BP,Cluster1
reproductive process,GO:0022414,GO:0010705,0.04441493927941107,0.9993306599035648,1,3,meiotic DNA double-strand break processing involved in reciprocal meiotic recombination,BP,Cluster2
intracellular protein transport,GO:0006886,GO:0010793,0.016707323101967306,0.999137277294668,2,8,regulation of mRNA export from nucleus,BP,Cluster1
lipid metabolic process,GO:0006629,GO:0010896,0.04538416757881994,0.9955703765290015,2,14,regulation of triglyceride catabolic process,BP,Cluster1
lipid metabolic process,GO:0006629,GO:0010898,0.013861648595035655,0.9993515247890877,2,8,positive regulation of triglyceride catabolic process,BP,Cluster1
protein maturation,GO:0051604,GO:0010955,0.03421906319985907,0.9945569949800568,3,33,negative regulation of protein processing,BP,Cluster3
muscle system process,GO:0003012,GO:0014734,0.02304572921186603,1,1,1,skeletal muscle hypertrophy,BP,Cluster4
transmembrane transport,GO:0055085,GO:0015794,0.03546448575921527,0.9996806059933688,1,2,glycerol-3-phosphate transmembrane transport,BP,Cluster2
nucleobase-containing small molecul...,GO:0055086,GO:0015962,0.023419257835166872,0.999815510008761,1,3,diadenosine triphosphate metabolic process,BP,Cluster4
nucleobase-containing small molecul...,GO:0055086,GO:0015964,0.023419257835166872,0.999815510008761,1,3,diadenosine triphosphate catabolic process,BP,Cluster4
signaling,GO:0023052,GO:0016055,0.01100236762134796,0.9958671637518937,11,182,Wnt signaling pathway,BP,Cluster4
lipid metabolic process,GO:0006629,GO:0016101,1.609435473124095e-5,0.9999979546915716,9,65,diterpenoid metabolic process,BP,Cluster1
anatomical structure development,GO:0048856,GO:0016318,0.018301858303825188,0.9977601672504864,3,24,ommatidial rotation,BP,Cluster3
cell adhesion,GO:0007155,GO:0016339,7.119699597866101e-4,0.9999272519201268,5,34,calcium-dependent cell-cell adhesion via plasma membrane cell adhesion molecules,BP,Cluster3
anatomical structure development,GO:0048856,GO:0016358,0.04607619330135085,0.9803564153885828,9,209,dendrite development,BP,Cluster3
protein maturation,GO:0051604,GO:0016486,0.015075194977525921,0.9974449959201455,4,40,peptide hormone processing,BP,Cluster3
signaling,GO:0023052,GO:0017015,0.027609612061441767,0.9929247752265026,5,79,regulation of transforming growth factor beta receptor signaling pathway,BP,Cluster3
anatomical structure development,GO:0048856,GO:0018992,0.009952224960081388,0.9985462016461647,4,28,germ-line sex determination,BP,Cluster4
programmed cell death,GO:0012501,GO:0019050,0.02403363488921138,0.9998540654173336,1,2,suppression by virus of host apoptotic process,BP,Cluster1
anatomical structure development,GO:0048856,GO:0019100,1.0616281869519415e-4,0.9999966216421701,4,9,male germ-line sex determination,BP,Cluster4
lipid metabolic process,GO:0006629,GO:0019217,8.572369416799642e-4,0.9998543745690541,7,64,regulation of fatty acid metabolic process,BP,Cluster1
lipid metabolic process,GO:0006629,GO:0019218,0.00638707799142888,0.9982245925932959,8,126,regulation of steroid metabolic process,BP,Cluster1
carbohydrate metabolic process,GO:0005975,GO:0019317,0.017475895248604878,0.9990499787681507,2,9,fucose catabolic process,BP,Cluster4
lipid metabolic process,GO:0006629,GO:0019373,0.0017705247092746042,0.9999793483419127,2,4,epoxygenase P450 pathway,BP,Cluster2
signaling,GO:0023052,GO:0019933,0.0396824981296028,0.9906815087044416,4,94,cAMP-mediated signaling,BP,Cluster2
anatomical structure development,GO:0048856,GO:0030238,0.0017764660697858433,0.9998481684426822,4,19,male sex determination,BP,Cluster4
signaling,GO:0023052,GO:0030511,0.011439617335637106,0.9982125176460408,4,40,positive regulation of transforming growth factor beta receptor signaling pathway,BP,Cluster3
anatomical structure development,GO:0048856,GO:0031017,0.04877122919918033,0.9950461600195498,2,14,exocrine pancreas development,BP,Cluster4
anatomical structure development,GO:0048856,GO:0031100,0.011571405390204393,0.9971706307873729,6,91,animal organ regeneration,BP,Cluster1
reproductive process,GO:0022414,GO:0031139,0.04091427656801509,0.999573388636749,1,2,positive regulation of conjugation with cellular fusion,BP,Cluster1
carbohydrate derivative metabolic p...,GO:1901135,GO:0031590,0.04235904006046116,0.9995424512250963,1,2,wybutosine metabolic process,BP,Cluster3
carbohydrate derivative metabolic p...,GO:1901135,GO:0031591,0.04235904006046116,0.9995424512250963,1,2,wybutosine biosynthetic process,BP,Cluster3
protein maturation,GO:0051604,GO:0031638,0.02559430428470876,0.9963813790725043,3,30,zymogen activation,BP,Cluster3
lipid metabolic process,GO:0006629,GO:0031943,0.004860394343630748,0.999632056146895,3,26,regulation of glucocorticoid metabolic process,BP,Cluster2
lipid metabolic process,GO:0006629,GO:0031946,0.004860394343630748,0.999632056146895,3,26,regulation of glucocorticoid biosynthetic process,BP,Cluster2
nucleobase-containing small molecul...,GO:0055086,GO:0032261,0.01833377803419048,1,1,1,purine nucleotide salvage,BP,Cluster3
anatomical structure development,GO:0048856,GO:0032290,0.027806871424795876,0.9998042685952295,1,2,peripheral nervous system myelin formation,BP,Cluster1
protein catabolic process,GO:0030163,GO:0032803,0.03277268722033866,0.9973758902158157,2,12,regulation of low-density lipoprotein particle receptor catabolic process,BP,Cluster3
protein catabolic process,GO:0030163,GO:0032804,0.028309518579273756,0.9979333949739297,2,11,negative regulation of low-density lipoprotein particle receptor catabolic process,BP,Cluster3
cytokinesis,GO:0000910,GO:0032954,0.04453653065315686,0.9956639694932512,2,15,regulation of cytokinetic process,BP,Cluster1
immune system process,GO:0002376,GO:0033007,0.048698780548894705,0.9993932506165809,1,2,negative regulation of mast cell activation involved in immune response,BP,Cluster3
signaling,GO:0023052,GO:0033139,0.022801005613639597,0.998517653851313,2,11,regulation of peptidyl-serine phosphorylation of STAT protein,BP,Cluster1
signaling,GO:0023052,GO:0033140,0.011068268923843634,0.9995399870584594,2,8,negative regulation of peptidyl-serine phosphorylation of STAT protein,BP,Cluster1
programmed cell death,GO:0012501,GO:0033668,0.02403363488921138,0.9998540654173336,1,2,negative regulation by symbiont of host apoptotic process,BP,Cluster1
cell adhesion,GO:0007155,GO:0034110,0.04563127948996071,0.9954986651640486,2,15,regulation of homotypic cell-cell adhesion,BP,Cluster3
signaling,GO:0023052,GO:0034138,0.010345736127163675,1,1,1,toll-like receptor 3 signaling pathway,BP,Cluster1
immune system process,GO:0002376,GO:0034340,0.02348441337368321,0.9984489286169201,2,11,response to type I interferon,BP,Cluster1
signaling,GO:0023052,GO:0035076,0.013197894341924183,0.9985603781359332,3,26,ecdysone receptor-mediated signaling pathway,BP,Cluster1
signaling,GO:0023052,GO:0035076,0.04403154780577746,0.9955506892251581,2,26,ecdysone receptor-mediated signaling pathway,BP,Cluster2
anatomical structure development,GO:0048856,GO:0035152,0.04748527879274363,0.9858922914612017,5,90,"regulation of tube architecture, open tracheal system",BP,Cluster3
anatomical structure development,GO:0048856,GO:0035159,0.04279461393141115,0.9898162867613632,4,62,"regulation of tube length, open tracheal system",BP,Cluster3
gene silencing by RNA,GO:0031047,GO:0035194,0.00273560339398352,0.9993496629099378,8,82,post-transcriptional gene silencing by RNA,BP,Cluster4
gene silencing by RNA,GO:0031047,GO:0035195,5.656306188815326e-5,0.9999928259717434,8,49,gene silencing by miRNA,BP,Cluster4
mRNA metabolic process,GO:0016071,GO:0035279,5.7456009507970266e-9,0.9999999998474219,8,16,mRNA cleavage involved in gene silencing by miRNA,BP,Cluster4
anatomical structure development,GO:0048856,GO:0035313,0.03454036682844546,0.997236292695293,2,10,"wound healing, spreading of epidermal cells",BP,Cluster4
transmembrane transport,GO:0055085,GO:0035435,0.025259877735480166,0.9982224558148243,2,13,phosphate ion transmembrane transport,BP,Cluster3
anatomical structure development,GO:0048856,GO:0035441,0.00335869549686577,0.9999455240064393,2,4,cell migration involved in vasculogenesis,BP,Cluster1
signaling,GO:0023052,GO:0035567,8.093024010876317e-5,0.9999855304811557,10,83,non-canonical Wnt signaling pathway,BP,Cluster4
signaling,GO:0023052,GO:0035655,0.04369123496571221,0.9960243357702534,2,10,interleukin-18-mediated signaling pathway,BP,Cluster4
lysosome organization,GO:0007040,GO:0035751,0.04474562211246996,0.9955328133401727,2,19,regulation of lysosomal lumen pH,BP,Cluster1
lipid metabolic process,GO:0006629,GO:0036101,8.949399184913127e-4,0.9999947750086942,2,3,leukotriene B4 catabolic process,BP,Cluster2
lipid metabolic process,GO:0006629,GO:0036102,8.949399184913127e-4,0.9999947750086942,2,3,leukotriene B4 metabolic process,BP,Cluster2
immune system process,GO:0002376,GO:0036230,0.03691863872973433,0.9826179930282933,12,336,granulocyte activation,BP,Cluster3
signaling,GO:0023052,GO:0036462,0.010345736127163675,1,1,1,TRAIL-activated apoptotic signaling pathway,BP,Cluster1
signaling,GO:0023052,GO:0038129,0.02304572921186603,1,1,1,ERBB3 signaling pathway,BP,Cluster4
signaling,GO:0023052,GO:0038133,0.02304572921186603,1,1,1,ERBB2-ERBB3 signaling pathway,BP,Cluster4
programmed cell death,GO:0012501,GO:0039526,0.02403363488921138,0.9998540654173336,1,2,modulation by virus of host apoptotic process,BP,Cluster1
immune system process,GO:0002376,GO:0039531,0.01629761357430316,0.9981343686819,3,19,regulation of viral-induced cytoplasmic pattern recognition receptor signaling pathway,BP,Cluster4
immune system process,GO:0002376,GO:0039533,0.02872732548997524,0.997962491834426,2,9,regulation of MDA-5 signaling pathway,BP,Cluster4
immune system process,GO:0002376,GO:0039535,0.01156830603788949,0.9988508833852503,3,17,regulation of RIG-I signaling pathway,BP,Cluster4
programmed cell death,GO:0012501,GO:0039650,0.010345736127163675,1,1,1,suppression by virus of host cysteine-type endopeptidase activity involved in apoptotic process,BP,Cluster1
anatomical structure development,GO:0048856,GO:0040027,0.024161507209962723,0.996665095781712,3,29,negative regulation of vulval development,BP,Cluster1
anatomical structure development,GO:0048856,GO:0042078,0.019604362054364114,0.9964277072770009,4,36,germ-line stem cell division,BP,Cluster4
immune system process,GO:0002376,GO:0042119,0.03528379816335743,0.9834998741087058,12,334,neutrophil activation,BP,Cluster3
carbohydrate metabolic process,GO:0005975,GO:0042354,0.017475895248604878,0.9990499787681507,2,9,L-fucose metabolic process,BP,Cluster4
carbohydrate metabolic process,GO:0005975,GO:0042355,0.017475895248604878,0.9990499787681507,2,9,L-fucose catabolic process,BP,Cluster4
signaling,GO:0023052,GO:0042532,0.047920903673477976,0.995109856201512,2,16,negative regulation of tyrosine phosphorylation of STAT protein,BP,Cluster1
lipid metabolic process,GO:0006629,GO:0042573,3.145240382117144e-6,0.9999998020702382,7,29,retinoic acid metabolic process,BP,Cluster1
anatomical structure development,GO:0048856,GO:0042706,0.01032530296936865,0.9984341635046523,4,40,eye photoreceptor cell fate commitment,BP,Cluster3
lipid metabolic process,GO:0006629,GO:0042758,0.004890208595471097,0.9998721098357372,2,7,long-chain fatty acid catabolic process,BP,Cluster2
lipid metabolic process,GO:0006629,GO:0042904,0.03355016944446072,0.9997142249510312,1,2,9-cis-retinoic acid biosynthetic process,BP,Cluster1
lipid metabolic process,GO:0006629,GO:0042905,0.03355016944446072,0.9997142249510312,1,2,9-cis-retinoic acid metabolic process,BP,Cluster1
anatomical structure development,GO:0048856,GO:0043010,0.0012279308175219053,0.9995386347723988,17,323,camera-type eye development,BP,Cluster1
nucleobase-containing small molecul...,GO:0055086,GO:0043096,0.030203926860218167,0.9997688181340598,1,2,purine nucleobase salvage,BP,Cluster3
nucleobase-containing small molecul...,GO:0055086,GO:0043103,0.030203926860218167,0.9997688181340598,1,2,hypoxanthine salvage,BP,Cluster3
nucleobase-containing small molecul...,GO:0055086,GO:0043173,0.01833377803419048,1,1,1,nucleotide salvage,BP,Cluster3
immune system process,GO:0002376,GO:0043299,0.04208670992817942,0.9797875661088831,12,344,leukocyte degranulation,BP,Cluster3
immune system process,GO:0002376,GO:0043301,0.04874027035288362,0.9993922032025706,1,2,negative regulation of leukocyte degranulation,BP,Cluster3
immune system process,GO:0002376,GO:0043305,0.0233491857411767,1,1,1,negative regulation of mast cell degranulation,BP,Cluster3
immune system process,GO:0002376,GO:0043312,0.03223759096654878,0.9851252905226296,12,330,neutrophil degranulation,BP,Cluster3
lipid metabolic process,GO:0006629,GO:0043651,0.004477093496107349,0.9998939883252322,2,6,linoleic acid metabolic process,BP,Cluster2
anatomical structure development,GO:0048856,GO:0044319,0.016914500203071493,0.9979892005782838,3,24,"wound healing, spreading of cells",BP,Cluster4
programmed cell death,GO:0012501,GO:0044532,0.04498061321799068,0.9993128134336525,1,3,modulation of apoptotic process in other organism,BP,Cluster1
carbohydrate derivative metabolic p...,GO:1901135,GO:0044597,0.04585403009438732,0.9994626907117944,1,2,daunorubicin metabolic process,BP,Cluster4
carbohydrate derivative metabolic p...,GO:1901135,GO:0044598,0.04585403009438732,0.9994626907117944,1,2,doxorubicin metabolic process,BP,Cluster4
anatomical structure development,GO:0048856,GO:0045162,0.03867001667915953,0.9996192810186357,1,2,clustering of voltage-gated sodium channels,BP,Cluster4
anatomical structure development,GO:0048856,GO:0045652,2.2744577927070252e-5,0.9999974983583266,8,44,regulation of megakaryocyte differentiation,BP,Cluster4
lipid metabolic process,GO:0006629,GO:0045833,0.011821582769494202,0.9971065565483898,6,82,negative regulation of lipid metabolic process,BP,Cluster1
protein-containing complex assembly,GO:0065003,GO:0045898,0.019103814287112303,0.9988221094976758,2,15,regulation of RNA polymerase II transcription preinitiation complex assembly,BP,Cluster2
protein-containing complex assembly,GO:0065003,GO:0045899,0.014427949545147816,0.9992548261866601,2,12,positive regulation of RNA polymerase II transcription preinitiation complex assembly,BP,Cluster2
carbohydrate metabolic process,GO:0005975,GO:0045912,0.002183876427134767,0.9996284407807324,6,60,negative regulation of carbohydrate metabolic process,BP,Cluster1
lipid metabolic process,GO:0006629,GO:0045922,1.1602058528765e-5,0.9999993370745891,6,23,negative regulation of fatty acid metabolic process,BP,Cluster1
lipid metabolic process,GO:0006629,GO:0045939,9.479411233914e-5,0.9999915849507366,6,33,negative regulation of steroid metabolic process,BP,Cluster1
carbohydrate derivative metabolic p...,GO:1901135,GO:0046090,0.01833377803419048,1,1,1,deoxyadenosine metabolic process,BP,Cluster3
nucleobase-containing small molecul...,GO:0055086,GO:0046101,0.04716785787548552,0.9992437039959806,1,3,hypoxanthine biosynthetic process,BP,Cluster3
carbohydrate derivative metabolic p...,GO:1901135,GO:0046102,0.0378430573914397,0.999635661797426,1,2,inosine metabolic process,BP,Cluster3
carbohydrate derivative metabolic p...,GO:1901135,GO:0046103,0.0378430573914397,0.999635661797426,1,2,inosine biosynthetic process,BP,Cluster3
nucleobase-containing small molecul...,GO:0055086,GO:0046111,0.01833377803419048,1,1,1,xanthine biosynthetic process,BP,Cluster3
carbohydrate derivative metabolic p...,GO:1901135,GO:0046122,0.01833377803419048,1,1,1,purine deoxyribonucleoside metabolic process,BP,Cluster3
carbohydrate derivative metabolic p...,GO:1901135,GO:0046124,0.01833377803419048,1,1,1,purine deoxyribonucleoside catabolic process,BP,Cluster3
lipid metabolic process,GO:0006629,GO:0046339,0.04265776708914705,0.9957733636367521,2,25,diacylglycerol metabolic process,BP,Cluster2
lipid metabolic process,GO:0006629,GO:0046473,0.04389361149581238,0.9921173538448748,3,59,phosphatidic acid metabolic process,BP,Cluster2
anatomical structure development,GO:0048856,GO:0046552,0.015268449565818087,0.9973819606670301,4,46,photoreceptor cell fate commitment,BP,Cluster3
cytoskeleton organization,GO:0007010,GO:0046599,0.02693583585427881,0.9981165368060171,2,10,regulation of centriole replication,BP,Cluster1
anatomical structure development,GO:0048856,GO:0046638,0.03545492667571925,0.9968398254094643,2,23,positive regulation of alpha-beta T cell differentiation,BP,Cluster2
immune system process,GO:0002376,GO:0048003,0.04096066971283359,0.9995727272288147,1,2,antigen processing and presentation of lipid antigen via MHC class Ib,BP,Cluster2
immune system process,GO:0002376,GO:0048007,0.04096066971283359,0.9995727272288147,1,2,"antigen processing and presentation, exogenous lipid antigen via MHC class Ib",BP,Cluster2
anatomical structure development,GO:0048856,GO:0048056,0.017664752874793865,0.9978592404974802,3,25,R3/R4 cell differentiation,BP,Cluster3
anatomical structure development,GO:0048856,GO:0048057,6.383734313622666e-4,0.9999813364565432,3,8,R3/R4 development,BP,Cluster3
anatomical structure development,GO:0048856,GO:0048134,0.02131261497655643,0.9960248256146592,4,35,germ-line cyst formation,BP,Cluster4
anatomical structure development,GO:0048856,GO:0048136,2.5547864332266168e-5,0.999999535230341,4,7,male germ-line cyst formation,BP,Cluster4
vesicle-mediated transport,GO:0016192,GO:0048193,0.0029570956884339946,0.9989128467921646,14,274,Golgi vesicle transport,BP,Cluster1
lipid metabolic process,GO:0006629,GO:0048252,8.949399184913127e-4,0.9999947750086942,2,3,lauric acid metabolic process,BP,Cluster2
anatomical structure development,GO:0048856,GO:0048485,0.032041313358719334,0.997538717393741,2,10,sympathetic nervous system development,BP,Cluster4
anatomical structure development,GO:0048856,GO:0048732,2.656990851132225e-4,0.9998913026880754,25,504,gland development,BP,Cluster1
anatomical structure development,GO:0048856,GO:0048813,0.018007153151834557,0.993502157237644,9,178,dendrite morphogenesis,BP,Cluster3
anatomical structure development,GO:0048856,GO:0048895,0.027806871424795876,0.9998042685952295,1,2,lateral line nerve glial cell differentiation,BP,Cluster1
anatomical structure development,GO:0048856,GO:0048897,0.027806871424795876,0.9998042685952295,1,2,myelination of lateral line nerve axons,BP,Cluster1
anatomical structure development,GO:0048856,GO:0048931,0.027806871424795876,0.9998042685952295,1,2,posterior lateral line nerve glial cell differentiation,BP,Cluster1
anatomical structure development,GO:0048856,GO:0048932,0.027806871424795876,0.9998042685952295,1,2,myelination of posterior lateral line nerve axons,BP,Cluster1
anatomical structure development,GO:0048856,GO:0048937,0.027806871424795876,0.9998042685952295,1,2,lateral line nerve glial cell development,BP,Cluster1
anatomical structure development,GO:0048856,GO:0048938,0.027806871424795876,0.9998042685952295,1,2,lateral line nerve glial cell morphogenesis involved in differentiation,BP,Cluster1
anatomical structure development,GO:0048856,GO:0048941,0.027806871424795876,0.9998042685952295,1,2,posterior lateral line nerve glial cell development,BP,Cluster1
anatomical structure development,GO:0048856,GO:0048942,0.027806871424795876,0.9998042685952295,1,2,posterior lateral line nerve glial cell morphogenesis involved in differentiation,BP,Cluster1
immune system process,GO:0002376,GO:0050671,0.04981137836729972,0.9907040506602025,3,42,positive regulation of lymphocyte proliferation,BP,Cluster3
nervous system process,GO:0050877,GO:0050890,0.03447348305929322,0.9828907708422027,14,338,cognition,BP,Cluster1
protein catabolic process,GO:0030163,GO:0051043,0.022676174214469724,0.9969702919903427,3,26,regulation of membrane protein ectodomain proteolysis,BP,Cluster3
anatomical structure development,GO:0048856,GO:0051136,0.04096066971283359,0.9995727272288147,1,2,regulation of NK T cell differentiation,BP,Cluster2
anatomical structure development,GO:0048856,GO:0051138,0.04096066971283359,0.9995727272288147,1,2,positive regulation of NK T cell differentiation,BP,Cluster2
protein-containing complex assembly,GO:0065003,GO:0051259,0.004310453318820169,0.9981685433101842,17,361,protein complex oligomerization,BP,Cluster1
chromatin organization,GO:0006325,GO:0051567,0.008188218045996423,0.9992736469408099,3,19,histone H3-K9 methylation,BP,Cluster1
chromatin organization,GO:0006325,GO:0051567,0.03415393545112585,0.9970593818553819,2,19,histone H3-K9 methylation,BP,Cluster2
immune system process,GO:0002376,GO:0051607,0.03290689344509205,0.9928238333247055,4,54,defense response to virus,BP,Cluster1
programmed cell death,GO:0012501,GO:0051712,0.011193744759164412,0.9995318940103751,2,8,positive regulation of killing of cells of other organism,BP,Cluster4
lipid metabolic process,GO:0006629,GO:0051791,0.009196106437466416,0.9996437721179492,2,9,medium-chain fatty acid metabolic process,BP,Cluster2
programmed cell death,GO:0012501,GO:0052040,0.04498061321799068,0.9993128134336525,1,3,modulation by symbiont of host programmed cell death,BP,Cluster1
programmed cell death,GO:0012501,GO:0052041,0.02403363488921138,0.9998540654173336,1,2,negative regulation by symbiont of host programmed cell death,BP,Cluster1
programmed cell death,GO:0012501,GO:0052150,0.02403363488921138,0.9998540654173336,1,2,modulation by symbiont of host apoptotic process,BP,Cluster1
anatomical structure development,GO:0048856,GO:0060041,1.6278661960910648e-4,0.9999586551530176,13,175,retina development in camera-type eye,BP,Cluster1
signaling,GO:0023052,GO:0060167,0.01833377803419048,1,1,1,regulation of adenosine receptor signaling pathway,BP,Cluster3
signaling,GO:0023052,GO:0060169,0.01833377803419048,1,1,1,negative regulation of adenosine receptor signaling pathway,BP,Cluster3
reproductive process,GO:0022414,GO:0060180,0.04509636509371854,0.9955236471302003,2,17,female mating behavior,BP,Cluster3
signaling,GO:0023052,GO:0060390,0.036693367561327246,0.9967646597539489,2,16,regulation of SMAD protein signal transduction,BP,Cluster3
signaling,GO:0023052,GO:0060392,0.016405849325414442,1,1,1,negative regulation of SMAD protein signal transduction,BP,Cluster3
reproductive process,GO:0022414,GO:0060405,0.040252505635557295,0.9995872775485285,1,2,regulation of penile erection,BP,Cluster3
reproductive process,GO:0022414,GO:0060407,0.01833377803419048,1,1,1,negative regulation of penile erection,BP,Cluster3
anatomical structure development,GO:0048856,GO:0060674,0.026456219336515298,0.996219620223769,3,29,placenta blood vessel development,BP,Cluster1
anatomical structure development,GO:0048856,GO:0060711,0.00678536192457831,0.9987943166734122,5,53,labyrinthine layer development,BP,Cluster1
anatomical structure development,GO:0048856,GO:0060876,0.027806871424795876,0.9998042685952295,1,2,semicircular canal formation,BP,Cluster1
anatomical structure development,GO:0048856,GO:0060879,0.027806871424795876,0.9998042685952295,1,2,semicircular canal fusion,BP,Cluster1
gene silencing by RNA,GO:0031047,GO:0060967,0.020256474654922654,0.9987219740825022,2,14,negative regulation of gene silencing by RNA,BP,Cluster2
anatomical structure development,GO:0048856,GO:0061008,3.605367671073724e-8,0.999999993250054,20,201,hepaticobiliary system development,BP,Cluster1
anatomical structure development,GO:0048856,GO:0061525,0.038351293788881705,0.9911992285002064,4,59,hindgut development,BP,Cluster3
chromatin organization,GO:0006325,GO:0061647,0.017113500519736508,0.997957250649215,3,24,histone H3-K9 modification,BP,Cluster1
programmed cell death,GO:0012501,GO:0070229,0.025737266173990185,0.9981908600148579,2,12,negative regulation of lymphocyte apoptotic process,BP,Cluster3
programmed cell death,GO:0012501,GO:0070232,0.024838542883530275,0.9982869786766602,2,12,regulation of T cell apoptotic process,BP,Cluster3
programmed cell death,GO:0012501,GO:0070233,0.010335550567071956,0.9996008275873046,2,7,negative regulation of T cell apoptotic process,BP,Cluster3
signaling,GO:0023052,GO:0070493,0.020814313169014075,0.9986253933036481,2,19,thrombin-activated receptor signaling pathway,BP,Cluster2
signaling,GO:0023052,GO:0070528,0.03493271652939104,0.9969112622398987,2,23,protein kinase C signaling,BP,Cluster2
anatomical structure development,GO:0048856,GO:0070593,8.886255600709551e-4,0.9999040678656526,5,36,dendrite self-avoidance,BP,Cluster3
transmembrane transport,GO:0055085,GO:0070779,0.024920034753111702,0.9983013246959376,2,11,D-aspartate import across plasma membrane,BP,Cluster3
immune system process,GO:0002376,GO:0070948,0.004148398118777597,0.999924944043838,2,4,regulation of neutrophil mediated cytotoxicity,BP,Cluster4
DNA repair,GO:0006281,GO:0070987,0.03766335961396514,0.9937777122628816,3,33,error-free translesion synthesis,BP,Cluster4
mRNA metabolic process,GO:0016071,GO:0071031,0.016297198959063147,1,1,1,nuclear mRNA surveillance of mRNA 3'-end processing,BP,Cluster4
mRNA metabolic process,GO:0016071,GO:0071048,0.044732979994578294,0.999489101382931,1,2,nuclear retention of unspliced pre-mRNA at the site of transcription,BP,Cluster3
mRNA metabolic process,GO:0016071,GO:0071049,0.016297198959063147,1,1,1,nuclear retention of pre-mRNA with aberrant 3'-ends at the site of transcription,BP,Cluster4
reproductive process,GO:0022414,GO:0071432,0.024544148616230582,1,1,1,peptide mating pheromone maturation involved in positive regulation of conjugation with cellular fusion,BP,Cluster1
signaling,GO:0023052,GO:0071550,0.004020989736050346,0.9999170413045609,2,5,death-inducing signaling complex assembly,BP,Cluster1
protein catabolic process,GO:0030163,GO:0071712,0.04300185281508854,0.9959242533462478,2,14,ER-associated misfolded protein catabolic process,BP,Cluster4
transmembrane transport,GO:0055085,GO:0089718,0.040675890067380795,0.99626191133058,2,14,amino acid import across plasma membrane,BP,Cluster3
lipid metabolic process,GO:0006629,GO:0090030,0.009758974652087795,0.9990290282417512,3,35,regulation of steroid hormone biosynthetic process,BP,Cluster2
mitochondrion organization,GO:0007005,GO:0090152,0.030600939522472143,0.9996842736109642,1,3,establishment of protein localization to mitochondrial membrane involved in mitochondrial fission,BP,Cluster2
anatomical structure development,GO:0048856,GO:0090242,0.007580700377888244,1,1,1,retinoic acid receptor signaling pathway involved in somitogenesis,BP,Cluster1
cell adhesion,GO:0007155,GO:0090330,0.02749580061706315,0.9980240711707383,2,11,regulation of platelet aggregation,BP,Cluster3
protein maturation,GO:0051604,GO:0090472,0.028309518579273756,0.9979333949739297,2,11,dibasic protein processing,BP,Cluster3
anatomical structure development,GO:0048856,GO:0090504,0.023238213918345622,0.9968643638105504,3,26,epiboly,BP,Cluster4
anatomical structure development,GO:0048856,GO:0090505,0.016914500203071493,0.9979892005782838,3,24,epiboly involved in wound healing,BP,Cluster4
inflammatory response,GO:0006954,GO:0090594,0.04023722363788605,0.996500575863789,2,10,inflammatory response to wounding,BP,Cluster4
anatomical structure development,GO:0048856,GO:0090597,0.04391539940326222,0.999345781945155,1,3,nematode male tail mating organ morphogenesis,BP,Cluster2
chromatin organization,GO:0006325,GO:0097198,0.0015703807266175995,0.9999877708439951,2,3,histone H3-K36 trimethylation,BP,Cluster1
lipid metabolic process,GO:0006629,GO:0097267,0.0034538964712191545,0.9999284443499269,2,6,omega-hydroxylase P450 pathway,BP,Cluster2
protein maturation,GO:0051604,GO:0097341,0.04403728656742518,0.9957398496607673,2,15,zymogen inhibition,BP,Cluster3
chromatin organization,GO:0006325,GO:0097676,0.00365895384561917,0.9999280938790758,2,5,histone H3-K36 dimethylation,BP,Cluster1
cell junction organization,GO:0034330,GO:0097688,0.04377534553108165,0.9958120581688338,2,14,glutamate receptor clustering,BP,Cluster3
cell adhesion,GO:0007155,GO:0098742,0.023719618641228263,0.9941533693153655,5,80,cell-cell adhesion via plasma-membrane adhesion molecules,BP,Cluster3
mRNA metabolic process,GO:0016071,GO:0098795,5.7456009507970266e-9,0.9999999998474219,8,16,mRNA cleavage involved in gene silencing,BP,Cluster4
signaling,GO:0023052,GO:0198738,0.012172819507315106,0.9953585641478924,11,187,cell-cell signaling by wnt,BP,Cluster4
defense response to other organism,GO:0098542,GO:1900150,0.022535909725566135,0.9985682384987123,2,10,regulation of defense response to fungus,BP,Cluster3
signaling,GO:0023052,GO:1900234,0.0233491857411767,1,1,1,regulation of Kit signaling pathway,BP,Cluster3
signaling,GO:0023052,GO:1900235,0.0233491857411767,1,1,1,negative regulation of Kit signaling pathway,BP,Cluster3
immune system process,GO:0002376,GO:1900245,0.014125033356957252,0.9993899174633133,2,6,positive regulation of MDA-5 signaling pathway,BP,Cluster4
immune system process,GO:0002376,GO:1900246,0.025935039964892253,0.9983055869501103,2,8,positive regulation of RIG-I signaling pathway,BP,Cluster4
reproductive process,GO:0022414,GO:1901318,0.024537948573445434,1,1,1,negative regulation of flagellated sperm motility,BP,Cluster3
transmembrane transport,GO:0055085,GO:1901896,0.04986614295881604,0.9993634266642666,1,2,positive regulation of ATPase-coupled calcium transmembrane transporter activity,BP,Cluster3
DNA replication,GO:0006260,GO:1902292,0.011788383416920116,1,1,1,cell cycle DNA replication initiation,BP,Cluster4
DNA replication,GO:0006260,GO:1902315,0.011788383416920116,1,1,1,nuclear cell cycle DNA replication initiation,BP,Cluster4
reproductive process,GO:0022414,GO:1902435,0.04369451580937653,0.9995128089959602,1,2,regulation of male mating behavior,BP,Cluster3
reproductive process,GO:0022414,GO:1902436,0.018168981545515724,1,1,1,negative regulation of male mating behavior,BP,Cluster3
programmed cell death,GO:0012501,GO:1902511,0.009441817235997501,1,1,1,negative regulation of apoptotic DNA fragmentation,BP,Cluster2
signaling,GO:0023052,GO:1902612,0.01913870651554094,0.9999077563055251,1,2,regulation of anti-Mullerian hormone signaling pathway,BP,Cluster2
signaling,GO:0023052,GO:1902613,0.01913870651554094,0.9999077563055251,1,2,negative regulation of anti-Mullerian hormone signaling pathway,BP,Cluster2
DNA replication,GO:0006260,GO:1902975,0.011788383416920116,1,1,1,mitotic DNA replication initiation,BP,Cluster4
mitochondrion organization,GO:0007005,GO:1903215,0.037379931499133934,0.9996446096700483,1,2,negative regulation of protein targeting to mitochondrion,BP,Cluster3
protein maturation,GO:0051604,GO:1903318,0.03421906319985907,0.9945569949800568,3,33,negative regulation of protein maturation,BP,Cluster3
lipid metabolic process,GO:0006629,GO:1903730,0.03814433415683633,0.9996296620870414,1,2,regulation of phosphatidate phosphatase activity,BP,Cluster4
lipid metabolic process,GO:0006629,GO:1903741,0.03814433415683633,0.9996296620870414,1,2,negative regulation of phosphatidate phosphatase activity,BP,Cluster4
lipid metabolic process,GO:0006629,GO:1904562,0.034032980460376235,0.9997060865506506,1,2,phosphatidylinositol 5-phosphate metabolic process,BP,Cluster2
nervous system process,GO:0050877,GO:1904656,0.048689142001087864,0.9991933103910776,1,3,regulation of sensory perception of sweet taste,BP,Cluster4
nervous system process,GO:0050877,GO:1904657,0.048689142001087864,0.9991933103910776,1,3,negative regulation of sensory perception of sweet taste,BP,Cluster4
nervous system process,GO:0050877,GO:1904660,0.048689142001087864,0.9991933103910776,1,3,regulation of sensory perception of bitter taste,BP,Cluster4
nervous system process,GO:0050877,GO:1904661,0.048689142001087864,0.9991933103910776,1,3,negative regulation of sensory perception of bitter taste,BP,Cluster4
signaling,GO:0023052,GO:1904766,0.005345148607475898,0.9998722354775984,2,5,negative regulation of macroautophagy by TORC1 signaling,BP,Cluster1
detoxification,GO:0098754,GO:1904833,0.039184835480957796,0.9996090970818392,1,2,positive regulation of removal of superoxide radicals,BP,Cluster3
protein-containing complex assembly,GO:0065003,GO:1904895,0.028149098352136092,0.9997993859881124,1,2,ESCRT complex assembly,BP,Cluster1
protein-containing complex assembly,GO:0065003,GO:1904895,0.02541366236106052,0.9998367334508583,1,2,ESCRT complex assembly,BP,Cluster3
protein-containing complex assembly,GO:0065003,GO:1904902,0.028149098352136092,0.9997993859881124,1,2,ESCRT III complex assembly,BP,Cluster1
protein-containing complex assembly,GO:0065003,GO:1904902,0.02541366236106052,0.9998367334508583,1,2,ESCRT III complex assembly,BP,Cluster3
anatomical structure development,GO:0048856,GO:1904920,0.0035432575066016475,0.9999409355529433,2,4,regulation of MAPK cascade involved in axon regeneration,BP,Cluster3
anatomical structure development,GO:0048856,GO:1904922,0.0035432575066016475,0.9999409355529433,2,4,positive regulation of MAPK cascade involved in axon regeneration,BP,Cluster3
signaling,GO:0023052,GO:1905114,0.03794417939085247,0.9827994015116444,11,219,cell surface receptor signaling pathway involved in cell-cell signaling,BP,Cluster4
protein catabolic process,GO:0030163,GO:1905146,0.003508442662088278,0.9999225778094107,2,7,lysosomal protein catabolic process,BP,Cluster1
anatomical structure development,GO:0048856,GO:1905453,0.030755789219747268,1,1,1,regulation of myeloid progenitor cell differentiation,BP,Cluster4
nervous system process,GO:0050877,GO:1905787,0.0013458538385054432,0.9999903119028569,2,3,regulation of detection of mechanical stimulus involved in sensory perception of touch,BP,Cluster4
nervous system process,GO:0050877,GO:1905789,0.0013458538385054432,0.9999903119028569,2,3,positive regulation of detection of mechanical stimulus involved in sensory perception of touch,BP,Cluster4
anatomical structure development,GO:0048856,GO:1905909,0.03832067329244862,0.996622507934485,2,13,regulation of dauer entry,BP,Cluster3
anatomical structure development,GO:0048856,GO:1905910,0.03832067329244862,0.996622507934485,2,13,negative regulation of dauer entry,BP,Cluster3
mitochondrion organization,GO:0007005,GO:1990613,0.022093195803437788,0.9986108832872684,2,10,mitochondrial membrane fusion,BP,Cluster1
lipid metabolic process,GO:0006629,GO:2000064,0.00221603202744227,0.9998750657966842,3,22,regulation of cortisol biosynthetic process,BP,Cluster2
programmed cell death,GO:0012501,GO:2000107,0.03410852956495296,0.9971518303748927,2,14,negative regulation of leukocyte apoptotic process,BP,Cluster3
lipid metabolic process,GO:0006629,GO:2000182,0.01891681015005827,0.9988180734998723,2,18,regulation of progesterone biosynthetic process,BP,Cluster2
immune system process,GO:0002376,GO:2000569,0.0496566021175954,0.9993688340959646,1,2,regulation of T-helper 2 cell activation,BP,Cluster3
immune system process,GO:0002376,GO:2000570,0.0496566021175954,0.9993688340959646,1,2,positive regulation of T-helper 2 cell activation,BP,Cluster3
vesicle-mediated transport,GO:0016192,GO:2000643,0.028853121414212098,0.9977988064656911,2,14,positive regulation of early endosome to late endosome transport,BP,Cluster3
DNA repair,GO:0006281,GO:2000779,0.023745964530597616,0.9953448015265599,4,47,regulation of double-strand break repair,BP,Cluster1
carbohydrate metabolic process,GO:0005975,GO:2001029,1.6619939009822554e-6,0.9999999380087172,6,17,regulation of cellular glucuronidation,BP,Cluster1
carbohydrate metabolic process,GO:0005975,GO:2001030,1.0352293525384544e-6,0.9999999652388053,6,16,negative regulation of cellular glucuronidation,BP,Cluster1
NA,NA,GO:0061635,3.5710556040404334e-12,1,11,25,regulation of protein complex stability,BP,Cluster1
NA,NA,GO:0042178,2.767593792854297e-7,0.9999999887226253,7,22,xenobiotic catabolic process,BP,Cluster1
NA,NA,GO:0006789,1.0352293525384544e-6,0.9999999652388053,6,16,bilirubin conjugation,BP,Cluster1
NA,NA,GO:0009698,1.0352293525384544e-6,0.9999999652388053,6,16,phenylpropanoid metabolic process,BP,Cluster1
NA,NA,GO:0009804,1.0352293525384544e-6,0.9999999652388053,6,16,coumarin metabolic process,BP,Cluster1
NA,NA,GO:0046226,1.0352293525384544e-6,0.9999999652388053,6,16,coumarin catabolic process,BP,Cluster1
NA,NA,GO:0046271,1.0352293525384544e-6,0.9999999652388053,6,16,phenylpropanoid catabolic process,BP,Cluster1
NA,NA,GO:0051552,1.0352293525384544e-6,0.9999999652388053,6,16,flavone metabolic process,BP,Cluster1
NA,NA,GO:0052696,1.0352293525384544e-6,0.9999999652388053,6,16,flavonoid glucuronidation,BP,Cluster1
NA,NA,GO:0052697,1.0352293525384544e-6,0.9999999652388053,6,16,xenobiotic glucuronidation,BP,Cluster1
NA,NA,GO:0070980,1.0352293525384544e-6,0.9999999652388053,6,16,biphenyl catabolic process,BP,Cluster1
NA,NA,GO:1904223,1.0352293525384544e-6,0.9999999652388053,6,16,regulation of glucuronosyltransferase activity,BP,Cluster1
NA,NA,GO:1904224,1.0352293525384544e-6,0.9999999652388053,6,16,negative regulation of glucuronosyltransferase activity,BP,Cluster1
NA,NA,GO:0052695,1.4461709901095332e-6,0.9999999473620368,6,17,cellular glucuronidation,BP,Cluster1
NA,NA,GO:0006787,1.6619888136142413e-6,0.9999999380089404,6,17,porphyrin-containing compound catabolic process,BP,Cluster1
NA,NA,GO:0033015,1.6619888136142413e-6,0.9999999380089404,6,17,tetrapyrrole catabolic process,BP,Cluster1
NA,NA,GO:0042167,1.6619888136142413e-6,0.9999999380089404,6,17,heme catabolic process,BP,Cluster1
NA,NA,GO:0046149,1.6619888136142413e-6,0.9999999380089404,6,17,pigment catabolic process,BP,Cluster1
NA,NA,GO:0018879,2.448025256160069e-6,0.9999999003977933,6,18,biphenyl metabolic process,BP,Cluster1
NA,NA,GO:0006063,1.0340899648386093e-5,0.9999994161145627,6,24,uronic acid metabolic process,BP,Cluster1
NA,NA,GO:0019585,1.0340899648386093e-5,0.9999994161145627,6,24,glucuronate metabolic process,BP,Cluster1
NA,NA,GO:0071392,1.306664102665321e-5,0.9999989377725799,7,36,cellular response to estradiol stimulus,BP,Cluster1
NA,NA,GO:0009812,1.4529935955185902e-5,0.9999991211621645,6,25,flavonoid metabolic process,BP,Cluster1
NA,NA,GO:0071361,2.1942089104834274e-5,0.9999985604326489,6,26,cellular response to ethanol,BP,Cluster1
NA,NA,GO:0097306,4.06617760016781e-5,0.9999925047958077,11,107,cellular response to alcohol,BP,Cluster1
NA,NA,GO:0042447,4.788515097720252e-5,0.9999962801110557,6,31,hormone catabolic process,BP,Cluster1
NA,NA,GO:0042537,4.9750255537627594e-5,0.9999960915185093,6,32,benzene-containing compound metabolic process,BP,Cluster1
NA,NA,GO:0007030,5.1466204296816326e-5,0.9999884264832269,13,152,Golgi organization,BP,Cluster1
NA,NA,GO:0071385,6.503338627995678e-5,0.9999914466593757,8,59,cellular response to glucocorticoid stimulus,BP,Cluster1
NA,NA,GO:0071384,1.229684425579285e-4,0.9999821222223316,8,65,cellular response to corticosteroid stimulus,BP,Cluster1
NA,NA,GO:0009306,2.458502761317861e-4,0.99994362623514,11,140,protein secretion,BP,Cluster1
NA,NA,GO:0002790,2.768527249722918e-4,0.9999355889756002,11,142,peptide secretion,BP,Cluster1
NA,NA,GO:0042168,2.7720998678016853e-4,0.9999692293443256,6,41,heme metabolic process,BP,Cluster1
NA,NA,GO:0017001,3.3613248712403967e-4,0.9999610619774376,6,44,antibiotic catabolic process,BP,Cluster1
NA,NA,GO:0051348,3.9560902941558466e-4,0.9998769483487994,15,244,negative regulation of transferase activity,BP,Cluster1
NA,NA,GO:0006778,4.424446719383667e-4,0.999946004779938,6,44,porphyrin-containing compound metabolic process,BP,Cluster1
NA,NA,GO:0043413,5.184439947828544e-4,0.9998696686972581,11,153,macromolecule glycosylation,BP,Cluster1
NA,NA,GO:0071383,7.006242349050586e-4,0.9998172758386487,11,154,cellular response to steroid hormone stimulus,BP,Cluster1
NA,NA,GO:1905634,7.518210786232715e-4,0.9999767248169305,3,8,regulation of protein localization to chromatin,BP,Cluster1
NA,NA,GO:0070085,8.53772512427918e-4,0.9997715139413565,11,162,glycosylation,BP,Cluster1
NA,NA,GO:0034754,0.0010171135922104,0.999792380762199,8,93,cellular hormone metabolic process,BP,Cluster1
NA,NA,GO:0010256,0.00137364416924554,0.9994456091617668,19,389,endomembrane system organization,BP,Cluster1
NA,NA,GO:0032355,0.0015807425161873498,0.9996132118601514,9,117,response to estradiol,BP,Cluster1
NA,NA,GO:0062014,0.0023937699674532647,0.999506279953259,7,85,negative regulation of small molecule metabolic process,BP,Cluster1
NA,NA,GO:0061099,0.0026038825520916494,0.999740177895966,4,28,negative regulation of protein tyrosine kinase activity,BP,Cluster1
NA,NA,GO:0006805,0.003251742291590213,0.9992889176315111,7,93,xenobiotic metabolic process,BP,Cluster1
NA,NA,GO:0010565,0.0033382352655735026,0.9990838464696313,9,132,regulation of cellular ketone metabolic process,BP,Cluster1
NA,NA,GO:0032496,0.0033485978232071292,0.9989298316605593,11,189,response to lipopolysaccharide,BP,Cluster1
NA,NA,GO:0019748,0.0036640074471634386,0.9990757259266114,8,110,secondary metabolic process,BP,Cluster1
NA,NA,GO:0002237,0.004890229507716806,0.9983549690778729,11,198,response to molecule of bacterial origin,BP,Cluster1
NA,NA,GO:0043086,0.005342477478706054,0.99755686196956606,19,438,negative regulation of catalytic activity,BP,Cluster1
NA,NA,GO:0019081,0.0057068697475625586,0.9995623330668092,3,17,viral translation,BP,Cluster1
NA,NA,GO:0051384,0.006883208570382358,0.9978812414694078,9,150,response to glucocorticoid,BP,Cluster1
NA,NA,GO:0071466,0.00731687212048534,0.9979163192518651,8,131,cellular response to xenobiotic stimulus,BP,Cluster1
NA,NA,GO:0033013,0.0077474943166560275,0.9982712396584792,6,77,tetrapyrrole metabolic process,BP,Cluster1
NA,NA,GO:0071396,0.008556009938742896,0.9963180449154396,15,326,cellular response to lipid,BP,Cluster1
NA,NA,GO:0050732,0.00914403375701893,0.99866771361121,4,37,negative regulation of peptidyl-tyrosine phosphorylation,BP,Cluster1
NA,NA,GO:0075525,0.009245408335363501,0.9996805956149318,2,6,viral translational termination-reinitiation,BP,Cluster1
NA,NA,GO:0006995,0.009252248054675694,0.9996498753696537,2,8,cellular response to nitrogen starvation,BP,Cluster1
NA,NA,GO:0043562,0.009252248054675694,0.9996498753696537,2,8,cellular response to nitrogen levels,BP,Cluster1
NA,NA,GO:0016999,0.009283032075155339,0.9975226825699349,7,108,antibiotic metabolic process,BP,Cluster1
NA,NA,GO:0048545,0.009833439305789442,0.995995820820441,13,278,response to steroid hormone,BP,Cluster1
NA,NA,GO:0097305,0.009895253262165504,0.9958128853001965,14,301,response to alcohol,BP,Cluster1
NA,NA,GO:0039506,0.010345736127163675,1,1,1,modulation by virus of host molecular function,BP,Cluster1
NA,NA,GO:0039507,0.010345736127163675,1,1,1,suppression by virus of host molecular function,BP,Cluster1
NA,NA,GO:0039513,0.010345736127163675,1,1,1,suppression by virus of host catalytic activity,BP,Cluster1
NA,NA,GO:0039516,0.010345736127163675,1,1,1,modulation by virus of host catalytic activity,BP,Cluster1
NA,NA,GO:0052053,0.010345736127163675,1,1,1,negative regulation by symbiont of host catalytic activity,BP,Cluster1
NA,NA,GO:0052055,0.010345736127163675,1,1,1,modulation by symbiont of host molecular function,BP,Cluster1
NA,NA,GO:0052056,0.010345736127163675,1,1,1,negative regulation by symbiont of host molecular function,BP,Cluster1
NA,NA,GO:0052148,0.010345736127163675,1,1,1,modulation by symbiont of host catalytic activity,BP,Cluster1
NA,NA,GO:0052199,0.010345736127163675,1,1,1,negative regulation of catalytic activity in other organism involved in symbiotic interaction,BP,Cluster1
NA,NA,GO:0042440,0.011008960246428556,0.9966341756872509,8,133,pigment metabolic process,BP,Cluster1
NA,NA,GO:0018026,0.011513174944184124,0.9995293465642036,2,7,peptidyl-lysine monomethylation,BP,Cluster1
NA,NA,GO:0031960,0.011522717362923358,0.9961420164614476,9,163,response to corticosteroid,BP,Cluster1
NA,NA,GO:0018023,0.01283815984875087,0.9986345354642904,3,22,peptidyl-lysine trimethylation,BP,Cluster1
NA,NA,GO:0045471,0.015479233363183865,0.9941942021714083,10,198,response to ethanol,BP,Cluster1
NA,NA,GO:0006954,0.016626335490983843,0.9940847101697293,9,167,inflammatory response,BP,Cluster1
NA,NA,GO:0051338,0.01697193664507682,0.9905536577811208,24,669,regulation of transferase activity,BP,Cluster1
NA,NA,GO:0007584,0.017280873915679035,0.9927255876498813,12,253,response to nutrient,BP,Cluster1
NA,NA,GO:0007588,0.019652631411540264,0.9945984548086398,6,94,excretion,BP,Cluster1
NA,NA,GO:0071390,0.021051229722115393,0.9972360321614825,3,30,cellular response to ecdysone,BP,Cluster1
NA,NA,GO:0042445,0.023814519545040845,0.9909847022278205,9,179,hormone metabolic process,BP,Cluster1
NA,NA,GO:2000197,0.0262178570711736,0.9981931901646646,2,10,regulation of ribonucleoprotein complex localization,BP,Cluster1
NA,NA,GO:0097296,0.026933266375534937,0.9998164559479726,1,2,activation of cysteine-type endopeptidase activity involved in apoptotic signaling pathway,BP,Cluster1
NA,NA,GO:0036295,0.02696499814898135,0.9979999644327454,2,15,cellular response to increased oxygen levels,BP,Cluster1
NA,NA,GO:0018027,0.028345934065261112,0.9979009734398843,2,12,peptidyl-lysine dimethylation,BP,Cluster1
NA,NA,GO:0090073,0.028917616164064453,0.9978354881793903,2,12,positive regulation of protein homodimerization activity,BP,Cluster1
NA,NA,GO:0071786,0.029341584101074868,0.997706890370419,2,16,endoplasmic reticulum tubular network organization,BP,Cluster1
NA,NA,GO:0039702,0.02965922424887479,0.9976846231777573,2,15,viral budding via host ESCRT complex,BP,Cluster1
NA,NA,GO:0044092,0.03078562839592686,0.9821027147279692,23,669,negative regulation of molecular function,BP,Cluster1
NA,NA,GO:0052203,0.0345365385047652,0.9996970209139499,1,2,modulation of catalytic activity in other organism involved in symbiotic interaction,BP,Cluster1
NA,NA,GO:0034389,0.038168566491753986,0.993652337174638,3,34,lipid droplet organization,BP,Cluster1
NA,NA,GO:0009615,0.038426787564729795,0.9876258602412306,6,114,response to virus,BP,Cluster1
NA,NA,GO:0031136,0.04091427656801509,0.999573388636749,1,2,positive regulation of conjugation,BP,Cluster1
NA,NA,GO:0019080,0.041197325300481154,0.9929655284586879,3,32,viral gene expression,BP,Cluster1
NA,NA,GO:0019054,0.04256420773994976,0.9959575787339332,2,15,modulation by virus of host cellular process,BP,Cluster1
NA,NA,GO:0046755,0.04441513795480182,0.9956041590093401,2,18,viral budding,BP,Cluster1
NA,NA,GO:0044068,0.047774939157679455,0.9951329297453965,2,16,modulation by symbiont of host cellular process,BP,Cluster1
NA,NA,GO:0035561,0.04791477658831564,0.9912847837689298,3,34,regulation of chromatin binding,BP,Cluster1
NA,NA,GO:0035075,0.04851423634890499,0.9910688152442847,3,39,response to ecdysone,BP,Cluster1
NA,NA,GO:0036296,0.04871442367594264,0.9879163575364737,4,62,response to increased oxygen levels,BP,Cluster1
NA,NA,GO:0044359,0.04877481842368126,0.9991905787894282,1,3,modulation of molecular function in other organism,BP,Cluster1
NA,NA,GO:0044362,0.04877481842368126,0.9991905787894282,1,3,negative regulation of molecular function in other organism,BP,Cluster1
NA,NA,GO:0052204,0.04877481842368126,0.9991905787894282,1,3,negative regulation of molecular function in other organism involved in symbiotic interaction,BP,Cluster1
NA,NA,GO:0052205,0.04877481842368126,0.9991905787894282,1,3,modulation of molecular function in other organism involved in symbiotic interaction,BP,Cluster1
NA,NA,GO:0071236,0.048944016801008045,0.983290988803593,6,119,cellular response to antibiotic,BP,Cluster1
NA,NA,GO:0036100,8.949399184913127e-4,0.9999947750086942,2,3,leukotriene catabolic process,BP,Cluster2
NA,NA,GO:2000435,0.0016974573900477158,0.9999755494409454,2,6,negative regulation of protein neddylation,BP,Cluster2
NA,NA,GO:2000434,0.0032096057972665127,0.9999298050511477,2,8,regulation of protein neddylation,BP,Cluster2
NA,NA,GO:1901523,0.0033996467119152,0.9999301389093712,2,6,icosanoid catabolic process,BP,Cluster2
NA,NA,GO:0010566,0.005864542772311564,0.9995176551732592,3,32,regulation of ketone biosynthetic process,BP,Cluster2
NA,NA,GO:0043171,0.006894458181320745,0.999416971934168,3,22,peptide catabolic process,BP,Cluster2
NA,NA,GO:0060625,0.007760448120082395,0.9997140661957499,2,11,regulation of protein deneddylation,BP,Cluster2
NA,NA,GO:0000413,0.008345962081769048,0.9992120485184923,3,38,protein peptidyl-prolyl isomerization,BP,Cluster2
NA,NA,GO:0032305,0.008624788370178053,0.9996699278173886,2,10,positive regulation of icosanoid secretion,BP,Cluster2
NA,NA,GO:1901569,0.010125686145034136,0.9995786810770828,2,10,fatty acid derivative catabolic process,BP,Cluster2
NA,NA,GO:2000193,0.010427655946865013,0.999551909322673,2,11,positive regulation of fatty acid transport,BP,Cluster2
NA,NA,GO:0006308,0.012640174313639138,0.9986168966245158,3,35,DNA catabolic process,BP,Cluster2
NA,NA,GO:0032076,0.01355257041803259,0.9999538763252231,1,2,negative regulation of deoxyribonuclease activity,BP,Cluster2
NA,NA,GO:0018208,0.014766848111537507,0.9982682979802757,3,44,peptidyl-proline modification,BP,Cluster2
NA,NA,GO:0046456,0.016952695216844824,0.9969621889380339,4,64,icosanoid biosynthetic process,BP,Cluster2
NA,NA,GO:0006691,0.017609073875489812,0.997827902400541,3,33,leukotriene metabolic process,BP,Cluster2
NA,NA,GO:0032303,0.022410695508279555,0.9984853750915341,2,16,regulation of icosanoid secretion,BP,Cluster2
NA,NA,GO:0080058,0.023703834881223088,0.9998581730935089,1,2,protein deglutathionylation,BP,Cluster2
NA,NA,GO:1904147,0.023703834881223088,0.9998581730935089,1,2,response to nonylphenol,BP,Cluster2
NA,NA,GO:1904148,0.023703834881223088,0.9998581730935089,1,2,cellular response to nonylphenol,BP,Cluster2
NA,NA,GO:1903625,0.02779256932007863,0.9998046172138266,1,2,negative regulation of DNA catabolic process,BP,Cluster2
NA,NA,GO:0046885,0.02986977291611058,0.9954177546181409,3,47,regulation of hormone biosynthetic process,BP,Cluster2
NA,NA,GO:0010801,0.03318543400419038,0.9971547583076982,2,22,negative regulation of peptidyl-threonine phosphorylation,BP,Cluster2
NA,NA,GO:2000191,0.036823173918765606,0.9966838735930701,2,20,regulation of fatty acid transport,BP,Cluster2
NA,NA,GO:0033574,0.036983832500776866,0.9938432470320538,3,46,response to testosterone,BP,Cluster2
NA,NA,GO:1905954,0.038631122229489945,0.9910460105660845,4,78,positive regulation of lipid localization,BP,Cluster2
NA,NA,GO:2000292,0.03903241754365909,0.9963245306624214,2,24,regulation of defecation,BP,Cluster2
NA,NA,GO:0032350,0.03981828601341262,0.9931458365973425,3,52,regulation of hormone metabolic process,BP,Cluster2
NA,NA,GO:0032370,0.04172390898435511,0.9927010548397401,3,49,positive regulation of lipid transport,BP,Cluster2
NA,NA,GO:0032892,0.045606724757039,0.9953520907760317,2,22,positive regulation of organic acid transport,BP,Cluster2
NA,NA,GO:0031179,0.04580236492078838,0.9992877343361957,1,3,peptide modification,BP,Cluster2
NA,NA,GO:0045792,0.04600273618628857,0.9916251349976849,3,51,negative regulation of cell size,BP,Cluster2
NA,NA,GO:0060969,0.04947082596044161,0.9947121073549376,2,23,negative regulation of gene silencing,BP,Cluster2
NA,NA,GO:0061635,0.0019024429408462079,0.9998280822140057,4,25,regulation of protein complex stability,BP,Cluster3
NA,NA,GO:0018996,0.0025690406460077567,0.9997446948492317,4,28,"molting cycle, collagen and cuticulin-based cuticle",BP,Cluster3
NA,NA,GO:0006106,0.011211130996461005,0.9995179067353298,2,9,fumarate metabolic process,BP,Cluster3
NA,NA,GO:1903846,0.011439617335637106,0.9982125176460408,4,40,positive regulation of cellular response to transforming growth factor beta stimulus,BP,Cluster3
NA,NA,GO:0060625,0.014032952217466439,0.9992947958889189,2,11,regulation of protein deneddylation,BP,Cluster3
NA,NA,GO:0006108,0.01419702899867479,0.9992941057495145,2,10,malate metabolic process,BP,Cluster3
NA,NA,GO:2001267,0.016357194281664197,0.9990966028907597,2,12,regulation of cysteine-type endopeptidase activity involved in apoptotic signaling pathway,BP,Cluster3
NA,NA,GO:0042395,0.01733812161669928,0.9990257992140927,2,11,"ecdysis, collagen and cuticulin-based cuticle",BP,Cluster3
NA,NA,GO:0002124,0.018168981545515724,1,1,1,territorial aggressive behavior,BP,Cluster3
NA,NA,GO:2001144,0.019701857759213664,1,1,1,"regulation of phosphatidylinositol-3,4,5-trisphosphate 5-phosphatase activity",BP,Cluster3
NA,NA,GO:2001145,0.019701857759213664,1,1,1,"negative regulation of phosphatidylinositol-3,4,5-trisphosphate 5-phosphatase activity",BP,Cluster3
NA,NA,GO:0035853,0.024517334521685138,1,1,1,chromosome passenger complex localization to spindle midzone,BP,Cluster3
NA,NA,GO:1903610,0.024537948573445434,1,1,1,regulation of calcium-dependent ATPase activity,BP,Cluster3
NA,NA,GO:1903611,0.024537948573445434,1,1,1,negative regulation of calcium-dependent ATPase activity,BP,Cluster3
NA,NA,GO:1903627,0.024537948573445434,1,1,1,regulation of dUTP diphosphatase activity,BP,Cluster3
NA,NA,GO:1903629,0.024537948573445434,1,1,1,positive regulation of dUTP diphosphatase activity,BP,Cluster3
NA,NA,GO:1903630,0.024537948573445434,1,1,1,regulation of aminoacyl-tRNA ligase activity,BP,Cluster3
NA,NA,GO:1903631,0.024537948573445434,1,1,1,negative regulation of aminoacyl-tRNA ligase activity,BP,Cluster3
NA,NA,GO:1903633,0.024537948573445434,1,1,1,regulation of leucine-tRNA ligase activity,BP,Cluster3
NA,NA,GO:1903634,0.024537948573445434,1,1,1,negative regulation of leucine-tRNA ligase activity,BP,Cluster3
NA,NA,GO:0042940,0.024920034753111702,0.9983013246959376,2,11,D-amino acid transport,BP,Cluster3
NA,NA,GO:0070777,0.024920034753111702,0.9983013246959376,2,11,D-aspartate transport,BP,Cluster3
NA,NA,GO:0006817,0.025259877735480166,0.9982224558148243,2,13,phosphate ion transport,BP,Cluster3
NA,NA,GO:1903844,0.027609612061441767,0.9929247752265026,5,79,regulation of cellular response to transforming growth factor beta stimulus,BP,Cluster3
NA,NA,GO:0019082,0.028309518579273756,0.9979333949739297,2,11,viral protein processing,BP,Cluster3
NA,NA,GO:0032911,0.028309518579273756,0.9979333949739297,2,11,negative regulation of transforming growth factor beta1 production,BP,Cluster3
NA,NA,GO:0071635,0.028309518579273756,0.9979333949739297,2,11,negative regulation of transforming growth factor beta production,BP,Cluster3
NA,NA,GO:0032963,0.028445535802451655,0.9958321230807413,3,28,collagen metabolic process,BP,Cluster3
NA,NA,GO:0042303,0.030760781801991897,0.988611274838327,8,167,molting cycle,BP,Cluster3
NA,NA,GO:2000645,0.033523878581129894,0.9972825709467817,2,12,negative regulation of receptor catabolic process,BP,Cluster3
NA,NA,GO:2000008,0.03512771409586821,0.9943552735835494,3,33,regulation of protein localization to cell surface,BP,Cluster3
NA,NA,GO:1903625,0.03771719641703606,0.9996381047300181,1,2,negative regulation of DNA catabolic process,BP,Cluster3
NA,NA,GO:0032898,0.03872093961086054,0.9965678361001866,2,13,neurotrophin production,BP,Cluster3
NA,NA,GO:0032902,0.03872093961086054,0.9965678361001866,2,13,nerve growth factor production,BP,Cluster3
NA,NA,GO:0032908,0.03911370504243018,0.9965138788045578,2,13,regulation of transforming growth factor beta1 production,BP,Cluster3
NA,NA,GO:1901668,0.039184835480957796,0.9996090970818392,1,2,regulation of superoxide dismutase activity,BP,Cluster3
NA,NA,GO:1901671,0.039184835480957796,0.9996090970818392,1,2,positive regulation of superoxide dismutase activity,BP,Cluster3
NA,NA,GO:0043090,0.040675890067380795,0.99626191133058,2,14,amino acid import,BP,Cluster3
NA,NA,GO:2000298,0.04509735974142608,0.9992239613965653,1,4,regulation of Rho-dependent protein serine/threonine kinase activity,BP,Cluster3
NA,NA,GO:0044341,0.046638486903818506,0.9994440992919363,1,2,sodium-dependent phosphate transport,BP,Cluster3
NA,NA,GO:0032740,0.0496566021175954,0.9993688340959646,1,2,positive regulation of interleukin-17 production,BP,Cluster3
NA,NA,GO:0032946,0.04981137836729972,0.9907040506602025,3,42,positive regulation of mononuclear cell proliferation,BP,Cluster3
NA,NA,GO:0070665,0.04981137836729972,0.9907040506602025,3,42,positive regulation of leukocyte proliferation,BP,Cluster3
NA,NA,GO:0008215,2.7167914296346457e-4,0.9999944586156315,3,7,spermine metabolic process,BP,Cluster4
NA,NA,GO:0006596,6.092022392900535e-4,0.9999816411932343,3,9,polyamine biosynthetic process,BP,Cluster4
NA,NA,GO:0031047,6.929154686502808e-4,0.9998358068544644,10,99,gene silencing by RNA,BP,Cluster4
NA,NA,GO:0006595,0.0011394945565147076,0.9999546118423623,3,11,polyamine metabolic process,BP,Cluster4
NA,NA,GO:1905790,0.0013458538385054432,0.9999903119028569,2,3,regulation of mechanosensory behavior,BP,Cluster4
NA,NA,GO:1905792,0.0013458538385054432,0.9999903119028569,2,3,positive regulation of mechanosensory behavior,BP,Cluster4
NA,NA,GO:0090501,0.0017487725300056405,0.9995259411240651,10,129,RNA phosphodiester bond hydrolysis,BP,Cluster4
NA,NA,GO:0031341,0.00334232960208203,0.999648240428277,4,24,regulation of cell killing,BP,Cluster4
NA,NA,GO:0097184,0.0035353523057445224,0.9997853887512421,3,12,response to azide,BP,Cluster4
NA,NA,GO:0016441,0.0035355455994146192,0.9991209910723742,8,87,posttranscriptional gene silencing,BP,Cluster4
NA,NA,GO:0006597,0.005096482093424587,0.9998707933466587,2,6,spermine biosynthetic process,BP,Cluster4
NA,NA,GO:0090305,0.005114048975994288,0.9980028561434237,14,245,nucleic acid phosphodiester bond hydrolysis,BP,Cluster4
NA,NA,GO:0051709,0.011193744759164412,0.9995318940103751,2,8,regulation of killing of cells of other organism,BP,Cluster4
NA,NA,GO:0036335,0.014274286911178012,0.9976670263206706,4,30,intestinal stem cell homeostasis,BP,Cluster4
NA,NA,GO:0019370,0.01918668918369356,0.9976275469065766,3,22,leukotriene biosynthetic process,BP,Cluster4
NA,NA,GO:0006805,0.021992655279382153,0.9938003662888298,6,93,xenobiotic metabolic process,BP,Cluster4
NA,NA,GO:0015898,0.02475552972358268,0.9983453299943115,2,10,amiloride transport,BP,Cluster4
NA,NA,GO:0035874,0.02475552972358268,0.9983453299943115,2,10,cellular response to copper ion starvation,BP,Cluster4
NA,NA,GO:0097185,0.02475552972358268,0.9983453299943115,2,10,cellular response to azide,BP,Cluster4
NA,NA,GO:0120126,0.02475552972358268,0.9983453299943115,2,10,response to copper ion starvation,BP,Cluster4
NA,NA,GO:0006500,0.02692914649642926,1,1,1,N-terminal protein palmitoylation,BP,Cluster4
NA,NA,GO:0018009,0.02692914649642926,1,1,1,N-terminal peptidyl-L-cysteine N-palmitoylation,BP,Cluster4
NA,NA,GO:0016458,0.027204268255474243,0.9888685005138921,10,173,gene silencing,BP,Cluster4
NA,NA,GO:0009445,0.028091672829102708,1,1,1,putrescine metabolic process,BP,Cluster4
NA,NA,GO:0009446,0.028091672829102708,1,1,1,putrescine biosynthetic process,BP,Cluster4
NA,NA,GO:0009447,0.028091672829102708,1,1,1,putrescine catabolic process,BP,Cluster4
NA,NA,GO:0010967,0.028091672829102708,1,1,1,regulation of polyamine biosynthetic process,BP,Cluster4
NA,NA,GO:0046208,0.028091672829102708,1,1,1,spermine catabolic process,BP,Cluster4
NA,NA,GO:1901304,0.028091672829102708,1,1,1,regulation of spermidine biosynthetic process,BP,Cluster4
NA,NA,GO:1901307,0.028091672829102708,1,1,1,positive regulation of spermidine biosynthetic process,BP,Cluster4
NA,NA,GO:0010732,0.030247036286232046,1,1,1,regulation of protein glutathionylation,BP,Cluster4
NA,NA,GO:0010734,0.030247036286232046,1,1,1,negative regulation of protein glutathionylation,BP,Cluster4
NA,NA,GO:0000338,0.03079103355954425,0.9975661353368074,2,14,protein deneddylation,BP,Cluster4
NA,NA,GO:0051770,0.03526810428128973,0.9970274958007642,2,13,positive regulation of nitric-oxide synthase biosynthetic process,BP,Cluster4
NA,NA,GO:0071503,0.037000581881504846,0.9968341060864255,2,12,response to heparin,BP,Cluster4
NA,NA,GO:0071504,0.037000581881504846,0.9968341060864255,2,12,cellular response to heparin,BP,Cluster4
NA,NA,GO:0042401,0.03809904513240711,0.9937441096903333,3,28,cellular biogenic amine biosynthetic process,BP,Cluster4
NA,NA,GO:0043104,0.03814433415683633,0.9996296620870414,1,2,positive regulation of GTP cyclohydrolase I activity,BP,Cluster4
NA,NA,GO:0051000,0.03952603878805721,0.9964224145080783,2,14,positive regulation of nitric-oxide synthase activity,BP,Cluster4
NA,NA,GO:0070673,0.04369123496571221,0.9960243357702534,2,10,response to interleukin-18,BP,Cluster4
NA,NA,GO:0071351,0.04369123496571221,0.9960243357702534,2,10,cellular response to interleukin-18,BP,Cluster4
NA,NA,GO:0032770,0.04369946895697181,0.9957884637461719,2,15,positive regulation of monooxygenase activity,BP,Cluster4
NA,NA,GO:0051769,0.04433971847581579,0.9956925486700964,2,15,regulation of nitric-oxide synthase biosynthetic process,BP,Cluster4
NA,NA,GO:0030638,0.04585403009438732,0.9994626907117944,1,2,polyketide metabolic process,BP,Cluster4
catalytic activity,GO:0003824,GO:0000048,0.005436032901488207,1,1,1,peptidyltransferase activity,MF,Cluster2
catalytic activity,GO:0003824,GO:0000048,0.00791731178546416,1,1,1,peptidyltransferase activity,MF,Cluster4
catalytic activity,GO:0003824,GO:0000293,0.0426414214837363,0.9995362627527705,1,2,ferric-chelate reductase activity,MF,Cluster3
DNA binding,GO:0003677,GO:0001147,0.04143680202228294,0.999418209722173,1,3,transcription termination site sequence-specific DNA binding,MF,Cluster2
molecular transducer activity,GO:0060089,GO:0001595,0.034784309154671636,1,1,1,angiotensin receptor activity,MF,Cluster4
catalytic activity,GO:0003824,GO:0001758,0.049729329342687464,0.9991582176154639,1,3,retinal dehydrogenase activity,MF,Cluster1
lipid binding,GO:0008289,GO:0001972,2.534434365014451e-6,0.9999998962487467,6,18,retinoic acid binding,MF,Cluster1
catalytic activity,GO:0003824,GO:0002951,0.005436032901488207,1,1,1,leukotriene-C(4) hydrolase,MF,Cluster2
catalytic activity,GO:0003824,GO:0002951,0.00791731178546416,1,1,1,leukotriene-C(4) hydrolase,MF,Cluster4
RNA binding,GO:0003723,GO:0003746,0.032576726254656324,0.9973248413143256,2,15,translation elongation factor activity,MF,Cluster1
catalytic activity,GO:0003824,GO:0003755,0.008345962081769048,0.9992120485184923,3,38,peptidyl-prolyl cis-trans isomerase activity,MF,Cluster2
catalytic activity,GO:0003824,GO:0003854,0.01936438210218269,1,1,1,3-beta-hydroxy-delta5-steroid dehydrogenase activity,MF,Cluster3
catalytic activity,GO:0003824,GO:0003875,0.022836466531475603,0.9998684208520908,1,2,ADP-ribosylarginine hydrolase activity,MF,Cluster2
catalytic activity,GO:0003824,GO:0003881,0.03656885584013549,0.9995474699006427,1,3,CDP-diacylglycerol-inositol 3-phosphatidyltransferase activity,MF,Cluster4
catalytic activity,GO:0003824,GO:0003993,0.006026080244748933,0.9998242764216282,2,7,acid phosphatase activity,MF,Cluster3
catalytic activity,GO:0003824,GO:0004051,0.036979539190155196,0.9969914812809896,2,9,arachidonate 5-lipoxygenase activity,MF,Cluster4
catalytic activity,GO:0003824,GO:0004143,0.035869205322465715,0.9967827348877548,2,23,diacylglycerol kinase activity,MF,Cluster2
catalytic activity,GO:0003824,GO:0004177,0.035197678260873055,0.9942629061383879,3,44,aminopeptidase activity,MF,Cluster2
catalytic activity,GO:0003824,GO:0004321,9.835056412802515e-4,0.9999939686020826,2,3,fatty-acyl-CoA synthase activity,MF,Cluster1
catalytic activity,GO:0003824,GO:0004333,0.03926766229899272,0.9994134559900418,1,4,fumarate hydratase activity,MF,Cluster2
catalytic activity,GO:0003824,GO:0004333,0.001150460910129484,0.9999892196025211,2,4,fumarate hydratase activity,MF,Cluster3
catalytic activity,GO:0003824,GO:0004341,0.024537948573445434,1,1,1,gluconolactonase activity,MF,Cluster3
catalytic activity,GO:0003824,GO:0004530,0.03066236996711211,0.9997618344155376,1,2,deoxyribonuclease I activity,MF,Cluster2
catalytic activity,GO:0003824,GO:0004697,0.012199783548740132,0.9994859604862916,2,7,protein kinase C activity,MF,Cluster3
molecular function regulator,GO:0098772,GO:0004857,0.0025787558908068635,0.9992040526342898,11,183,enzyme inhibitor activity,MF,Cluster1
molecular transducer activity,GO:0060089,GO:0004995,0.013826649692878099,0.9992811428847479,2,15,tachykinin receptor activity,MF,Cluster2
catalytic activity,GO:0003824,GO:0005006,0.022008779845394556,1,1,1,epidermal growth factor-activated receptor activity,MF,Cluster4
molecular carrier activity,GO:0140104,GO:0005049,0.03690569585337369,0.9968466380078312,2,12,nuclear export signal receptor activity,MF,Cluster4
molecular function regulator,GO:0098772,GO:0005085,1.1144075504859365e-4,0.999972878470843,13,157,guanyl-nucleotide exchange factor activity,MF,Cluster1
transporter activity,GO:0005215,GO:0005316,0.02315860654500701,1,1,1,high-affinity inorganic phosphate:sodium symporter activity,MF,Cluster3
lipid binding,GO:0008289,GO:0005496,0.001435748670421733,0.999776625758176,6,54,steroid binding,MF,Cluster1
lipid binding,GO:0008289,GO:0005501,2.604615655196522e-7,0.9999999896267872,7,21,retinoid binding,MF,Cluster1
lipid binding,GO:0008289,GO:0005504,2.2760003917976978e-4,0.9999757724924342,6,39,fatty acid binding,MF,Cluster1
lipid binding,GO:0008289,GO:0005504,0.0217306035392139,0.9970716715728891,3,39,fatty acid binding,MF,Cluster2
catalytic activity,GO:0003824,GO:0008081,0.03779680629146058,0.9913456695147336,4,63,phosphoric diester hydrolase activity,MF,Cluster3
catalytic activity,GO:0003824,GO:0008131,0.02475552972358268,0.9983453299943115,2,10,primary amine oxidase activity,MF,Cluster4
catalytic activity,GO:0003824,GO:0008194,0.025729652297027006,0.9924885427559292,6,93,UDP-glycosyltransferase activity,MF,Cluster1
catalytic activity,GO:0003824,GO:0008391,8.949399184913127e-4,0.9999947750086942,2,3,arachidonic acid monooxygenase activity,MF,Cluster2
catalytic activity,GO:0003824,GO:0008392,8.949399184913127e-4,0.9999947750086942,2,3,arachidonic acid epoxygenase activity,MF,Cluster2
catalytic activity,GO:0003824,GO:0008405,8.949399184913127e-4,0.9999947750086942,2,3,"arachidonic acid 11,12-epoxygenase activity",MF,Cluster2
catalytic activity,GO:0003824,GO:0008417,0.0459153884185,0.9954886672728148,2,14,fucosyltransferase activity,MF,Cluster4
catalytic activity,GO:0003824,GO:0008774,0.03429193917543096,0.9997013348744468,1,2,acetaldehyde dehydrogenase (acetylating) activity,MF,Cluster1
catalytic activity,GO:0003824,GO:0010309,0.0097280787945988,1,1,1,acireductone dioxygenase [iron(II)-requiring] activity,MF,Cluster2
catalytic activity,GO:0003824,GO:0015020,4.7571768381320955e-5,0.9999963637975201,6,28,glucuronosyltransferase activity,MF,Cluster1
catalytic activity,GO:0003824,GO:0015067,0.025547489253888896,1,1,1,amidinotransferase activity,MF,Cluster1
catalytic activity,GO:0003824,GO:0015068,0.025547489253888896,1,1,1,glycine amidinotransferase activity,MF,Cluster1
transporter activity,GO:0005215,GO:0015114,0.025259877735480166,0.9982224558148243,2,13,phosphate ion transmembrane transporter activity,MF,Cluster3
transporter activity,GO:0005215,GO:0015169,0.03546448575921527,0.9996806059933688,1,2,glycerol-3-phosphate transmembrane transporter activity,MF,Cluster2
transporter activity,GO:0005215,GO:0015319,0.02315860654500701,1,1,1,sodium:inorganic phosphate symporter activity,MF,Cluster3
catalytic activity,GO:0003824,GO:0016250,0.03514022187056304,0.9996864722946902,1,2,N-sulfoglucosamine sulfohydrolase activity,MF,Cluster2
catalytic activity,GO:0003824,GO:0016278,0.012705915670741022,0.9979432056573536,4,43,lysine N-methyltransferase activity,MF,Cluster1
catalytic activity,GO:0003824,GO:0016279,0.01194601023054059,0.9981034491966012,4,42,protein-lysine N-methyltransferase activity,MF,Cluster1
catalytic activity,GO:0003824,GO:0016300,0.0029928337075772497,0.9999542672103879,2,4,tRNA (uracil) methyltransferase activity,MF,Cluster3
catalytic activity,GO:0003824,GO:0016408,0.032868620821057806,0.9973342287444554,2,13,C-acyltransferase activity,MF,Cluster1
catalytic activity,GO:0003824,GO:0016434,0.04605760914457614,0.9992796889651698,1,3,rRNA (cytosine) methyltransferase activity,MF,Cluster2
catalytic activity,GO:0003824,GO:0016645,0.04372310596519067,0.9923548952912536,3,32,"oxidoreductase activity, acting on the CH-NH group of donors",MF,Cluster4
catalytic activity,GO:0003824,GO:0016709,0.039906639271798564,0.9962612169285855,2,19,"oxidoreductase activity, acting on paired donors, with incorporation or reduction of molecular oxygen, NAD(P)H as one donor, and incorporation of one atom of oxygen",MF,Cluster2
catalytic activity,GO:0003824,GO:0016713,8.949399184913127e-4,0.9999947750086942,2,3,"oxidoreductase activity, acting on paired donors, with incorporation or reduction of molecular oxygen, reduced iron-sulfur protein as one donor, and incorporation of one atom of oxygen",MF,Cluster2
catalytic activity,GO:0003824,GO:0016755,0.006191853730789468,0.999810045334307,2,8,"transferase activity, transferring amino-acyl groups",MF,Cluster2
catalytic activity,GO:0003824,GO:0016755,0.016956545050077623,0.9991172794741128,2,8,"transferase activity, transferring amino-acyl groups",MF,Cluster4
catalytic activity,GO:0003824,GO:0016765,0.02921140995871152,0.9938486750467768,4,56,"transferase activity, transferring alkyl or aryl (other than methyl) groups",MF,Cluster4
catalytic activity,GO:0003824,GO:0016768,0.002976882960619083,0.9999546143352361,2,4,spermine synthase activity,MF,Cluster4
catalytic activity,GO:0003824,GO:0016826,0.03514022187056304,0.9996864722946902,1,2,"hydrolase activity, acting on acid sulfur-nitrogen bonds",MF,Cluster2
catalytic activity,GO:0003824,GO:0016853,0.04453371980272194,0.9869010087301185,5,135,isomerase activity,MF,Cluster2
catalytic activity,GO:0003824,GO:0016859,0.013853623453145593,0.9984150514634663,3,43,cis-trans isomerase activity,MF,Cluster2
catalytic activity,GO:0003824,GO:0016888,0.038794571361223606,0.9965562045136347,2,13,"endodeoxyribonuclease activity, producing 5'-phosphomonoesters",MF,Cluster4
catalytic activity,GO:0003824,GO:0017005,0.00022665262606564029,0.9999951467157395,3,9,3'-tyrosyl-DNA phosphodiesterase activity,MF,Cluster3
catalytic activity,GO:0003824,GO:0018024,0.029315995235769433,0.9956325751960047,3,30,histone-lysine N-methyltransferase activity,MF,Cluster1
catalytic activity,GO:0003824,GO:0018479,0.007580700377888244,1,1,1,benzaldehyde dehydrogenase (NAD+) activity,MF,Cluster1
catalytic activity,GO:0003824,GO:0018685,8.949399184913127e-4,0.9999947750086942,2,3,alkane 1-monooxygenase activity,MF,Cluster2
catalytic activity,GO:0003824,GO:0019118,0.04585403009438732,0.9994626907117944,1,2,phenanthrene-epoxide hydrolase activity,MF,Cluster4
catalytic activity,GO:0003824,GO:0019119,0.04585403009438732,0.9994626907117944,1,2,"phenanthrene-9,10-epoxide hydrolase activity",MF,Cluster4
catalytic activity,GO:0003824,GO:0019153,0.023703834881223088,0.9998581730935089,1,2,protein-disulfide reductase (glutathione) activity,MF,Cluster2
lipid binding,GO:0008289,GO:0019840,3.6110988442594194e-7,0.999999984681001,7,22,isoprenoid binding,MF,Cluster1
molecular function regulator,GO:0098772,GO:0030297,0.024850301513616408,0.9981888227212338,2,20,transmembrane receptor protein tyrosine kinase activator activity,MF,Cluster2
catalytic activity,GO:0003824,GO:0030407,0.024922776385882462,1,1,1,formimidoyltransferase activity,MF,Cluster3
catalytic activity,GO:0003824,GO:0030409,0.024922776385882462,1,1,1,glutamate formimidoyltransferase activity,MF,Cluster3
catalytic activity,GO:0003824,GO:0030412,0.024922776385882462,1,1,1,formimidoyltetrahydrofolate cyclodeaminase activity,MF,Cluster3
molecular function regulator,GO:0098772,GO:0030546,0.03558590568802526,0.9968218155006215,2,23,signaling receptor activator activity,MF,Cluster2
cytoskeletal protein binding,GO:0008092,GO:0032027,0.02444784244818663,0.9967363759869877,3,19,myosin light chain binding,MF,Cluster4
cytoskeletal protein binding,GO:0008092,GO:0032033,0.023282148137140614,0.9986162833802692,2,7,myosin II light chain binding,MF,Cluster4
cytoskeletal protein binding,GO:0008092,GO:0032036,0.01746310258174199,0.9978847535541283,3,26,myosin heavy chain binding,MF,Cluster4
cytoskeletal protein binding,GO:0008092,GO:0032038,0.023282148137140614,0.9986162833802692,2,7,myosin II heavy chain binding,MF,Cluster4
DNA binding,GO:0003677,GO:0032139,0.025826246972632905,1,1,1,dinucleotide insertion or deletion binding,MF,Cluster3
RNA binding,GO:0003723,GO:0034511,0.015066552326079544,0.9992900303528038,2,7,U3 snoRNA binding,MF,Cluster4
catalytic activity,GO:0003824,GO:0035755,0.007902555995640997,1,1,1,cardiolipin hydrolase activity,MF,Cluster2
lipid binding,GO:0008289,GO:0036041,0.007502214634985345,0.9997457480354732,2,8,long-chain fatty acid binding,MF,Cluster2
catalytic activity,GO:0003824,GO:0036317,0.04205211115993977,0.9995490652352272,1,2,tyrosyl-RNA phosphodiesterase activity,MF,Cluster1
catalytic activity,GO:0003824,GO:0036374,0.005436032901488207,1,1,1,glutathione hydrolase activity,MF,Cluster2
catalytic activity,GO:0003824,GO:0036374,0.00791731178546416,1,1,1,glutathione hydrolase activity,MF,Cluster4
catalytic activity,GO:0003824,GO:0046592,0.028091672829102708,1,1,1,polyamine oxidase activity,MF,Cluster4
lipid binding,GO:0008289,GO:0046625,0.04491243969926914,0.9956071588691662,2,15,sphingolipid binding,MF,Cluster1
catalytic activity,GO:0003824,GO:0046920,0.027293547672389198,0.99804549537807,2,11,alpha-(1->3)-fucosyltransferase activity,MF,Cluster4
catalytic activity,GO:0003824,GO:0046975,0.003804698398397217,0.9997499997979842,3,16,histone methyltransferase activity (H3-K36 specific),MF,Cluster1
catalytic activity,GO:0003824,GO:0046975,0.019773887187543856,0.9987495991801603,2,16,histone methyltransferase activity (H3-K36 specific),MF,Cluster2
catalytic activity,GO:0003824,GO:0047341,8.627299207296378e-4,0.9999950561288559,2,3,fucose-1-phosphate guanylyltransferase activity,MF,Cluster2
catalytic activity,GO:0003824,GO:0047710,0.042926049135648944,0.9992973239750549,1,4,bis(5'-adenosyl)-triphosphatase activity,MF,Cluster4
catalytic activity,GO:0003824,GO:0047800,0.014117226614260141,1,1,1,cysteamine dioxygenase activity,MF,Cluster3
catalytic activity,GO:0003824,GO:0047874,0.010372052566216693,1,1,1,dolichyldiphosphatase activity,MF,Cluster2
catalytic activity,GO:0003824,GO:0050051,8.949399184913127e-4,0.9999947750086942,2,3,leukotriene-B4 20-monooxygenase activity,MF,Cluster2
catalytic activity,GO:0003824,GO:0050479,0.042476324896565235,0.9995398860514352,1,2,glyceryl-ether monooxygenase activity,MF,Cluster3
lipid binding,GO:0008289,GO:0050543,0.0017141212494904848,0.9999803343112562,2,4,icosatetraenoic acid binding,MF,Cluster2
lipid binding,GO:0008289,GO:0050544,0.0017141212494904848,0.9999803343112562,2,4,arachidonic acid binding,MF,Cluster2
catalytic activity,GO:0003824,GO:0052597,0.02475552972358268,0.9983453299943115,2,10,diamine oxidase activity,MF,Cluster4
catalytic activity,GO:0003824,GO:0052598,0.02475552972358268,0.9983453299943115,2,10,histamine oxidase activity,MF,Cluster4
catalytic activity,GO:0003824,GO:0052904,0.028091672829102708,1,1,1,N1-acetylspermidine:oxygen oxidoreductase (3-acetamidopropanal-forming) activity,MF,Cluster4
molecular function regulator,GO:0098772,GO:0060703,0.009441817235997501,1,1,1,deoxyribonuclease inhibitor activity,MF,Cluster2
catalytic activity,GO:0003824,GO:0070006,0.03632343943132537,0.9967984752193124,2,17,metalloaminopeptidase activity,MF,Cluster2
catalytic activity,GO:0003824,GO:0070259,5.152379714264249e-4,0.999984436571985,3,11,tyrosyl-DNA phosphodiesterase activity,MF,Cluster3
catalytic activity,GO:0003824,GO:0070260,0.04205211115993977,0.9995490652352272,1,2,5'-tyrosyl-DNA phosphodiesterase activity,MF,Cluster1
catalytic activity,GO:0003824,GO:0070568,0.007450412647279029,0.9997413383635182,2,9,guanylyltransferase activity,MF,Cluster2
catalytic activity,GO:0003824,GO:0071424,0.014637545659365876,1,1,1,rRNA (cytosine-N4-)-methyltransferase activity,MF,Cluster2
catalytic activity,GO:0003824,GO:0097199,0.010345736127163675,1,1,1,cysteine-type endopeptidase activity involved in apoptotic signaling pathway,MF,Cluster1
catalytic activity,GO:0003824,GO:0102116,8.949399184913127e-4,0.9999947750086942,2,3,laurate hydroxylase activity,MF,Cluster2
catalytic activity,GO:0003824,GO:0103002,8.949399184913127e-4,0.9999947750086942,2,3,16-hydroxypalmitate dehydrogenase activity,MF,Cluster2
molecular carrier activity,GO:0140104,GO:0140142,0.038904298289070896,0.9965411387318729,2,13,nucleocytoplasmic carrier activity,MF,Cluster4
NA,NA,GO:0005080,2.683295205228903e-4,0.9999629724592284,7,54,protein kinase C binding,MF,Cluster1
NA,NA,GO:0033293,8.997348166676978e-4,0.9998725470069006,6,52,monocarboxylic acid binding,MF,Cluster1
NA,NA,GO:0032813,0.004476441767883277,0.9992856200212953,5,46,tumor necrosis factor receptor superfamily binding,MF,Cluster1
NA,NA,GO:0005164,0.007688361068550637,0.9989409499668278,4,34,tumor necrosis factor receptor binding,MF,Cluster1
NA,NA,GO:0035877,0.010345736127163675,1,1,1,death effector domain binding,MF,Cluster1
NA,NA,GO:0098772,0.0109054384673049,0.9937988012057088,29,803,molecular function regulator,MF,Cluster1
NA,NA,GO:0005497,0.020469124633106236,0.9998943354253398,1,2,androgen binding,MF,Cluster1
NA,NA,GO:0031267,0.021242116983769883,0.9898156808971319,15,349,small GTPase binding,MF,Cluster1
NA,NA,GO:0051020,0.029368379937410642,0.9849620401523822,16,399,GTPase binding,MF,Cluster1
NA,NA,GO:0031996,0.03227812943718565,0.9949886612884392,3,32,thioesterase binding,MF,Cluster1
NA,NA,GO:0005123,0.036838353515556574,0.9968215394001916,2,13,death receptor binding,MF,Cluster1
NA,NA,GO:0031406,0.03951574106607866,0.9858134285397073,7,142,carboxylic acid binding,MF,Cluster1
NA,NA,GO:0043177,0.04100512428143205,0.9851605125760401,7,143,organic acid binding,MF,Cluster1
NA,NA,GO:0050542,0.004623468124227905,0.9998886895675771,2,6,icosanoid binding,MF,Cluster2
NA,NA,GO:0005527,0.02019718476955279,0.9986720570744804,2,22,macrolide binding,MF,Cluster2
NA,NA,GO:0005528,0.02019718476955279,0.9986720570744804,2,22,FK506 binding,MF,Cluster2
NA,NA,GO:1901567,0.04101986552017742,0.9960988598240459,2,19,fatty acid derivative binding,MF,Cluster2
NA,NA,GO:0033293,0.04170208978971543,0.9926905175856998,3,52,monocarboxylic acid binding,MF,Cluster2
NA,NA,GO:0017025,0.045361770297746365,0.9953766161653488,2,23,TBP-class protein binding,MF,Cluster2
NA,NA,GO:0005118,0.027742507497893504,0.9997406835496943,1,3,sevenless binding,MF,Cluster3
NA,NA,GO:0031435,0.04930383115672166,0.9908563792778775,3,40,mitogen-activated protein kinase kinase kinase binding,MF,Cluster3
NA,NA,GO:0005151,0.034784309154671636,1,1,1,"interleukin-1, type II receptor binding",MF,Cluster4
NA,NA,GO:0070678,0.04632214495295673,0.9994515309828776,1,2,preprotein binding,MF,Cluster4
NA,NA,GO:1902444,0.048689142001087864,0.9991933103910776,1,3,riboflavin binding,MF,Cluster4
